item_id,timestamp,target
CP020200_CPI_CPI_5_2_1_SUB_M_N__Z__Z_I24_L__Z_A__Z__Z_CP_02_02_pct_change,1973-02-01,0.0121278856053488
CP020200_CPI_CPI_5_2_1_SUB_M_N__Z__Z_I24_L__Z_A__Z__Z_CP_02_02_pct_change,1973-03-01,0.019063183977888
CP020200_CPI_CPI_5_2_1_SUB_M_N__Z__Z_I24_L__Z_A__Z__Z_CP_02_02_pct_change,1973-04-01,0.0833778660463118
CP020200_CPI_CPI_5_2_1_SUB_M_N__Z__Z_I24_L__Z_A__Z__Z_CP_02_02_pct_change,1973-05-01,0.0355204608784678
CP020200_CPI_CPI_5_2_1_SUB_M_N__Z__Z_I24_L__Z_A__Z__Z_CP_02_02_pct_change,1973-06-01,0.0114340227807228
CP020200_CPI_CPI_5_2_1_SUB_M_N__Z__Z_I24_L__Z_A__Z__Z_CP_02_02_pct_change,1973-07-01,0.0480452229316257
CP020200_CPI_CPI_5_2_1_SUB_M_N__Z__Z_I24_L__Z_A__Z__Z_CP_02_02_pct_change,1973-08-01,0.0139325909052789
CP020200_CPI_CPI_5_2_1_SUB_M_N__Z__Z_I24_L__Z_A__Z__Z_CP_02_02_pct_change,1973-09-01,0.0070921829342696
CP020200_CPI_CPI_5_2_1_SUB_M_N__Z__Z_I24_L__Z_A__Z__Z_CP_02_02_pct_change,1973-10-01,0.0198063457548631
CP020200_CPI_CPI_5_2_1_SUB_M_N__Z__Z_I24_L__Z_A__Z__Z_CP_02_02_pct_change,1973-11-01,0.0509279409754719
CP020200_CPI_CPI_5_2_1_SUB_M_N__Z__Z_I24_L__Z_A__Z__Z_CP_02_02_pct_change,1973-12-01,0.0410677526288947
CP020200_CPI_CPI_5_2_1_SUB_M_N__Z__Z_I24_L__Z_A__Z__Z_CP_02_02_pct_change,1974-01-01,0.0469428085136607
CP020200_CPI_CPI_5_2_1_SUB_M_N__Z__Z_I24_L__Z_A__Z__Z_CP_02_02_pct_change,1974-02-01,0.0553880771441299
CP020200_CPI_CPI_5_2_1_SUB_M_N__Z__Z_I24_L__Z_A__Z__Z_CP_02_02_pct_change,1974-03-01,0.01535165600193
CP020200_CPI_CPI_5_2_1_SUB_M_N__Z__Z_I24_L__Z_A__Z__Z_CP_02_02_pct_change,1974-04-01,0.0298875043674269
CP020200_CPI_CPI_5_2_1_SUB_M_N__Z__Z_I24_L__Z_A__Z__Z_CP_02_02_pct_change,1974-05-01,0.04882211175611
CP020200_CPI_CPI_5_2_1_SUB_M_N__Z__Z_I24_L__Z_A__Z__Z_CP_02_02_pct_change,1974-06-01,0.0087890701370121
CP020200_CPI_CPI_5_2_1_SUB_M_N__Z__Z_I24_L__Z_A__Z__Z_CP_02_02_pct_change,1974-07-01,0.0396902259071887
CP020200_CPI_CPI_5_2_1_SUB_M_N__Z__Z_I24_L__Z_A__Z__Z_CP_02_02_pct_change,1974-08-01,0.0099317180353124
CP020200_CPI_CPI_5_2_1_SUB_M_N__Z__Z_I24_L__Z_A__Z__Z_CP_02_02_pct_change,1974-09-01,0.0135218097725837
CP020200_CPI_CPI_5_2_1_SUB_M_N__Z__Z_I24_L__Z_A__Z__Z_CP_02_02_pct_change,1974-10-01,0.0151607002350575
CP020200_CPI_CPI_5_2_1_SUB_M_N__Z__Z_I24_L__Z_A__Z__Z_CP_02_02_pct_change,1974-11-01,0.0749701300008049
CP020200_CPI_CPI_5_2_1_SUB_M_N__Z__Z_I24_L__Z_A__Z__Z_CP_02_02_pct_change,1974-12-01,0.0739094319383459
CP020200_CPI_CPI_5_2_1_SUB_M_N__Z__Z_I24_L__Z_A__Z__Z_CP_02_02_pct_change,1975-01-01,0.0147477335386414
CP020200_CPI_CPI_5_2_1_SUB_M_N__Z__Z_I24_L__Z_A__Z__Z_CP_02_02_pct_change,1975-02-01,0.0109637909237492
CP020200_CPI_CPI_5_2_1_SUB_M_N__Z__Z_I24_L__Z_A__Z__Z_CP_02_02_pct_change,1975-03-01,0.0138713815978503
CP020200_CPI_CPI_5_2_1_SUB_M_N__Z__Z_I24_L__Z_A__Z__Z_CP_02_02_pct_change,1975-04-01,-0.0114428020279631
CP020200_CPI_CPI_5_2_1_SUB_M_N__Z__Z_I24_L__Z_A__Z__Z_CP_02_02_pct_change,1975-05-01,0.0032712685519129
CP020200_CPI_CPI_5_2_1_SUB_M_N__Z__Z_I24_L__Z_A__Z__Z_CP_02_02_pct_change,1975-06-01,0.0075244628810855
CP020200_CPI_CPI_5_2_1_SUB_M_N__Z__Z_I24_L__Z_A__Z__Z_CP_02_02_pct_change,1975-07-01,0.0231515999509248
CP020200_CPI_CPI_5_2_1_SUB_M_N__Z__Z_I24_L__Z_A__Z__Z_CP_02_02_pct_change,1975-08-01,0.0060827237643406
CP020200_CPI_CPI_5_2_1_SUB_M_N__Z__Z_I24_L__Z_A__Z__Z_CP_02_02_pct_change,1975-09-01,0.0123337453392948
CP020200_CPI_CPI_5_2_1_SUB_M_N__Z__Z_I24_L__Z_A__Z__Z_CP_02_02_pct_change,1975-10-01,0.054228375323583
CP020200_CPI_CPI_5_2_1_SUB_M_N__Z__Z_I24_L__Z_A__Z__Z_CP_02_02_pct_change,1975-11-01,0.0235667277537454
CP020200_CPI_CPI_5_2_1_SUB_M_N__Z__Z_I24_L__Z_A__Z__Z_CP_02_02_pct_change,1975-12-01,0.0108479097477212
CP020200_CPI_CPI_5_2_1_SUB_M_N__Z__Z_I24_L__Z_A__Z__Z_CP_02_02_pct_change,1976-01-01,0.0030661415581714
CP020200_CPI_CPI_5_2_1_SUB_M_N__Z__Z_I24_L__Z_A__Z__Z_CP_02_02_pct_change,1976-02-01,0.0074235861707618
CP020200_CPI_CPI_5_2_1_SUB_M_N__Z__Z_I24_L__Z_A__Z__Z_CP_02_02_pct_change,1976-03-01,0.0151712204947567
CP020200_CPI_CPI_5_2_1_SUB_M_N__Z__Z_I24_L__Z_A__Z__Z_CP_02_02_pct_change,1976-04-01,0.0666097297274965
CP020200_CPI_CPI_5_2_1_SUB_M_N__Z__Z_I24_L__Z_A__Z__Z_CP_02_02_pct_change,1976-05-01,0.0170136099022806
CP020200_CPI_CPI_5_2_1_SUB_M_N__Z__Z_I24_L__Z_A__Z__Z_CP_02_02_pct_change,1976-06-01,0.0123991360878035
CP020200_CPI_CPI_5_2_1_SUB_M_N__Z__Z_I24_L__Z_A__Z__Z_CP_02_02_pct_change,1976-07-01,0.00660963417065
CP020200_CPI_CPI_5_2_1_SUB_M_N__Z__Z_I24_L__Z_A__Z__Z_CP_02_02_pct_change,1976-08-01,0.0164156164605089
CP020200_CPI_CPI_5_2_1_SUB_M_N__Z__Z_I24_L__Z_A__Z__Z_CP_02_02_pct_change,1976-09-01,0.0115903441644935
CP020200_CPI_CPI_5_2_1_SUB_M_N__Z__Z_I24_L__Z_A__Z__Z_CP_02_02_pct_change,1976-10-01,0.0103305713011445
CP020200_CPI_CPI_5_2_1_SUB_M_N__Z__Z_I24_L__Z_A__Z__Z_CP_02_02_pct_change,1976-11-01,0.0288157664135206
CP020200_CPI_CPI_5_2_1_SUB_M_N__Z__Z_I24_L__Z_A__Z__Z_CP_02_02_pct_change,1976-12-01,0.0173473053559738
CP020200_CPI_CPI_5_2_1_SUB_M_N__Z__Z_I24_L__Z_A__Z__Z_CP_02_02_pct_change,1977-01-01,-0.0001820605062301
CP020200_CPI_CPI_5_2_1_SUB_M_N__Z__Z_I24_L__Z_A__Z__Z_CP_02_02_pct_change,1977-02-01,0.0072727346467156
CP020200_CPI_CPI_5_2_1_SUB_M_N__Z__Z_I24_L__Z_A__Z__Z_CP_02_02_pct_change,1977-03-01,0.006317687111579
CP020200_CPI_CPI_5_2_1_SUB_M_N__Z__Z_I24_L__Z_A__Z__Z_CP_02_02_pct_change,1977-04-01,0.0331838521835681
CP020200_CPI_CPI_5_2_1_SUB_M_N__Z__Z_I24_L__Z_A__Z__Z_CP_02_02_pct_change,1977-05-01,0.0243055576663617
CP020200_CPI_CPI_5_2_1_SUB_M_N__Z__Z_I24_L__Z_A__Z__Z_CP_02_02_pct_change,1977-06-01,0.0161017029532259
CP020200_CPI_CPI_5_2_1_SUB_M_N__Z__Z_I24_L__Z_A__Z__Z_CP_02_02_pct_change,1977-07-01,0.0075062492226409
CP020200_CPI_CPI_5_2_1_SUB_M_N__Z__Z_I24_L__Z_A__Z__Z_CP_02_02_pct_change,1977-08-01,0.0331125839901231
CP020200_CPI_CPI_5_2_1_SUB_M_N__Z__Z_I24_L__Z_A__Z__Z_CP_02_02_pct_change,1977-09-01,0.0224358992677606
CP020200_CPI_CPI_5_2_1_SUB_M_N__Z__Z_I24_L__Z_A__Z__Z_CP_02_02_pct_change,1977-10-01,0.0094043880137899
CP020200_CPI_CPI_5_2_1_SUB_M_N__Z__Z_I24_L__Z_A__Z__Z_CP_02_02_pct_change,1977-11-01,0.1009316729222635
CP020200_CPI_CPI_5_2_1_SUB_M_N__Z__Z_I24_L__Z_A__Z__Z_CP_02_02_pct_change,1977-12-01,0.0105782830977645
CP020200_CPI_CPI_5_2_1_SUB_M_N__Z__Z_I24_L__Z_A__Z__Z_CP_02_02_pct_change,1978-01-01,0.0076762047093237
CP020200_CPI_CPI_5_2_1_SUB_M_N__Z__Z_I24_L__Z_A__Z__Z_CP_02_02_pct_change,1978-02-01,0.0311634280801029
CP020200_CPI_CPI_5_2_1_SUB_M_N__Z__Z_I24_L__Z_A__Z__Z_CP_02_02_pct_change,1978-03-01,0.0248488974365064
CP020200_CPI_CPI_5_2_1_SUB_M_N__Z__Z_I24_L__Z_A__Z__Z_CP_02_02_pct_change,1978-04-01,0.1028833546812766
CP020200_CPI_CPI_5_2_1_SUB_M_N__Z__Z_I24_L__Z_A__Z__Z_CP_02_02_pct_change,1978-05-01,0.0225787242396267
CP020200_CPI_CPI_5_2_1_SUB_M_N__Z__Z_I24_L__Z_A__Z__Z_CP_02_02_pct_change,1978-06-01,0.0209180769796843
CP020200_CPI_CPI_5_2_1_SUB_M_N__Z__Z_I24_L__Z_A__Z__Z_CP_02_02_pct_change,1978-07-01,0.0324416557986286
CP020200_CPI_CPI_5_2_1_SUB_M_N__Z__Z_I24_L__Z_A__Z__Z_CP_02_02_pct_change,1978-08-01,0.0297684725671827
CP020200_CPI_CPI_5_2_1_SUB_M_N__Z__Z_I24_L__Z_A__Z__Z_CP_02_02_pct_change,1978-09-01,0.0267665909926884
CP020200_CPI_CPI_5_2_1_SUB_M_N__Z__Z_I24_L__Z_A__Z__Z_CP_02_02_pct_change,1978-10-01,0.1094890569681281
CP020200_CPI_CPI_5_2_1_SUB_M_N__Z__Z_I24_L__Z_A__Z__Z_CP_02_02_pct_change,1978-11-01,0.0521616532618498
CP020200_CPI_CPI_5_2_1_SUB_M_N__Z__Z_I24_L__Z_A__Z__Z_CP_02_02_pct_change,1978-12-01,0.0178651189591734
CP020200_CPI_CPI_5_2_1_SUB_M_N__Z__Z_I24_L__Z_A__Z__Z_CP_02_02_pct_change,1979-01-01,0.1404124605697316
CP020200_CPI_CPI_5_2_1_SUB_M_N__Z__Z_I24_L__Z_A__Z__Z_CP_02_02_pct_change,1979-02-01,0.016929585386809
CP020200_CPI_CPI_5_2_1_SUB_M_N__Z__Z_I24_L__Z_A__Z__Z_CP_02_02_pct_change,1979-03-01,0.0529701092262453
CP020200_CPI_CPI_5_2_1_SUB_M_N__Z__Z_I24_L__Z_A__Z__Z_CP_02_02_pct_change,1979-04-01,0.190801296392896
CP020200_CPI_CPI_5_2_1_SUB_M_N__Z__Z_I24_L__Z_A__Z__Z_CP_02_02_pct_change,1979-05-01,0.058237778125791
CP020200_CPI_CPI_5_2_1_SUB_M_N__Z__Z_I24_L__Z_A__Z__Z_CP_02_02_pct_change,1979-06-01,0.0710008558590495
CP020200_CPI_CPI_5_2_1_SUB_M_N__Z__Z_I24_L__Z_A__Z__Z_CP_02_02_pct_change,1979-07-01,0.1232694364145789
CP020200_CPI_CPI_5_2_1_SUB_M_N__Z__Z_I24_L__Z_A__Z__Z_CP_02_02_pct_change,1979-08-01,0.0794026998311689
CP020200_CPI_CPI_5_2_1_SUB_M_N__Z__Z_I24_L__Z_A__Z__Z_CP_02_02_pct_change,1979-09-01,0.0621431716355009
CP020200_CPI_CPI_5_2_1_SUB_M_N__Z__Z_I24_L__Z_A__Z__Z_CP_02_02_pct_change,1979-10-01,0.107091171659321
CP020200_CPI_CPI_5_2_1_SUB_M_N__Z__Z_I24_L__Z_A__Z__Z_CP_02_02_pct_change,1979-11-01,0.0789915970497585
CP020200_CPI_CPI_5_2_1_SUB_M_N__Z__Z_I24_L__Z_A__Z__Z_CP_02_02_pct_change,1979-12-01,0.0486327462645161
CP020200_CPI_CPI_5_2_1_SUB_M_N__Z__Z_I24_L__Z_A__Z__Z_CP_02_02_pct_change,1980-01-01,0.0826869113357668
CP020200_CPI_CPI_5_2_1_SUB_M_N__Z__Z_I24_L__Z_A__Z__Z_CP_02_02_pct_change,1980-02-01,0.0259146335858038
CP020200_CPI_CPI_5_2_1_SUB_M_N__Z__Z_I24_L__Z_A__Z__Z_CP_02_02_pct_change,1980-03-01,0.0325408623622447
CP020200_CPI_CPI_5_2_1_SUB_M_N__Z__Z_I24_L__Z_A__Z__Z_CP_02_02_pct_change,1980-04-01,0.0942581669654998
CP020200_CPI_CPI_5_2_1_SUB_M_N__Z__Z_I24_L__Z_A__Z__Z_CP_02_02_pct_change,1980-05-01,0.0714097833914289
CP020200_CPI_CPI_5_2_1_SUB_M_N__Z__Z_I24_L__Z_A__Z__Z_CP_02_02_pct_change,1980-06-01,0.0591628820336822
CP020200_CPI_CPI_5_2_1_SUB_M_N__Z__Z_I24_L__Z_A__Z__Z_CP_02_02_pct_change,1980-07-01,0.0368524745713867
CP020200_CPI_CPI_5_2_1_SUB_M_N__Z__Z_I24_L__Z_A__Z__Z_CP_02_02_pct_change,1980-08-01,0.0675086620766634
CP020200_CPI_CPI_5_2_1_SUB_M_N__Z__Z_I24_L__Z_A__Z__Z_CP_02_02_pct_change,1980-09-01,0.0401005130823435
CP020200_CPI_CPI_5_2_1_SUB_M_N__Z__Z_I24_L__Z_A__Z__Z_CP_02_02_pct_change,1980-10-01,0.1040869739074203
CP020200_CPI_CPI_5_2_1_SUB_M_N__Z__Z_I24_L__Z_A__Z__Z_CP_02_02_pct_change,1980-11-01,0.0768599560134892
CP020200_CPI_CPI_5_2_1_SUB_M_N__Z__Z_I24_L__Z_A__Z__Z_CP_02_02_pct_change,1980-12-01,0.0594361189896526
CP020200_CPI_CPI_5_2_1_SUB_M_N__Z__Z_I24_L__Z_A__Z__Z_CP_02_02_pct_change,1981-01-01,0.1147735355210182
CP020200_CPI_CPI_5_2_1_SUB_M_N__Z__Z_I24_L__Z_A__Z__Z_CP_02_02_pct_change,1981-02-01,0.0569579295884852
CP020200_CPI_CPI_5_2_1_SUB_M_N__Z__Z_I24_L__Z_A__Z__Z_CP_02_02_pct_change,1981-03-01,0.0306184936099751
CP020200_CPI_CPI_5_2_1_SUB_M_N__Z__Z_I24_L__Z_A__Z__Z_CP_02_02_pct_change,1981-04-01,0.1752822333029926
CP020200_CPI_CPI_5_2_1_SUB_M_N__Z__Z_I24_L__Z_A__Z__Z_CP_02_02_pct_change,1981-05-01,0.0353892827529671
CP020200_CPI_CPI_5_2_1_SUB_M_N__Z__Z_I24_L__Z_A__Z__Z_CP_02_02_pct_change,1981-06-01,0.0346679682626658
CP020200_CPI_CPI_5_2_1_SUB_M_N__Z__Z_I24_L__Z_A__Z__Z_CP_02_02_pct_change,1981-07-01,0.138272770367833
CP020200_CPI_CPI_5_2_1_SUB_M_N__Z__Z_I24_L__Z_A__Z__Z_CP_02_02_pct_change,1981-08-01,0.0364842453318194
CP020200_CPI_CPI_5_2_1_SUB_M_N__Z__Z_I24_L__Z_A__Z__Z_CP_02_02_pct_change,1981-09-01,0.0540000003229079
CP020200_CPI_CPI_5_2_1_SUB_M_N__Z__Z_I24_L__Z_A__Z__Z_CP_02_02_pct_change,1981-10-01,0.1328273241213085
CP020200_CPI_CPI_5_2_1_SUB_M_N__Z__Z_I24_L__Z_A__Z__Z_CP_02_02_pct_change,1981-11-01,0.0438860970552197
CP020200_CPI_CPI_5_2_1_SUB_M_N__Z__Z_I24_L__Z_A__Z__Z_CP_02_02_pct_change,1981-12-01,0.0369062904594923
CP020200_CPI_CPI_5_2_1_SUB_M_N__Z__Z_I24_L__Z_A__Z__Z_CP_02_02_pct_change,1982-01-01,0.1522748375078864
CP020200_CPI_CPI_5_2_1_SUB_M_N__Z__Z_I24_L__Z_A__Z__Z_CP_02_02_pct_change,1982-02-01,0.0582863281165568
CP020200_CPI_CPI_5_2_1_SUB_M_N__Z__Z_I24_L__Z_A__Z__Z_CP_02_02_pct_change,1982-03-01,0.0357868021024381
CP020200_CPI_CPI_5_2_1_SUB_M_N__Z__Z_I24_L__Z_A__Z__Z_CP_02_02_pct_change,1982-04-01,0.1053663316615471
CP020200_CPI_CPI_5_2_1_SUB_M_N__Z__Z_I24_L__Z_A__Z__Z_CP_02_02_pct_change,1982-05-01,0.0653956994452269
CP020200_CPI_CPI_5_2_1_SUB_M_N__Z__Z_I24_L__Z_A__Z__Z_CP_02_02_pct_change,1982-06-01,0.0522263836033487
CP020200_CPI_CPI_5_2_1_SUB_M_N__Z__Z_I24_L__Z_A__Z__Z_CP_02_02_pct_change,1982-07-01,0.0923472414550825
CP020200_CPI_CPI_5_2_1_SUB_M_N__Z__Z_I24_L__Z_A__Z__Z_CP_02_02_pct_change,1982-08-01,0.0680666183608351
CP020200_CPI_CPI_5_2_1_SUB_M_N__Z__Z_I24_L__Z_A__Z__Z_CP_02_02_pct_change,1982-09-01,0.0508474577137736
CP020200_CPI_CPI_5_2_1_SUB_M_N__Z__Z_I24_L__Z_A__Z__Z_CP_02_02_pct_change,1982-10-01,0.1029032259084705
CP020200_CPI_CPI_5_2_1_SUB_M_N__Z__Z_I24_L__Z_A__Z__Z_CP_02_02_pct_change,1982-11-01,0.0557180460118598
CP020200_CPI_CPI_5_2_1_SUB_M_N__Z__Z_I24_L__Z_A__Z__Z_CP_02_02_pct_change,1982-12-01,0.0383709655497761
CP020200_CPI_CPI_5_2_1_SUB_M_N__Z__Z_I24_L__Z_A__Z__Z_CP_02_02_pct_change,1983-01-01,0.104589114170519
CP020200_CPI_CPI_5_2_1_SUB_M_N__Z__Z_I24_L__Z_A__Z__Z_CP_02_02_pct_change,1983-02-01,0.0486714977228017
CP020200_CPI_CPI_5_2_1_SUB_M_N__Z__Z_I24_L__Z_A__Z__Z_CP_02_02_pct_change,1983-03-01,0.0348957732924555
CP020200_CPI_CPI_5_2_1_SUB_M_N__Z__Z_I24_L__Z_A__Z__Z_CP_02_02_pct_change,1983-04-01,0.1628088137700196
CP020200_CPI_CPI_5_2_1_SUB_M_N__Z__Z_I24_L__Z_A__Z__Z_CP_02_02_pct_change,1983-05-01,0.0506268541535859
CP020200_CPI_CPI_5_2_1_SUB_M_N__Z__Z_I24_L__Z_A__Z__Z_CP_02_02_pct_change,1983-06-01,0.058025141193533
CP020200_CPI_CPI_5_2_1_SUB_M_N__Z__Z_I24_L__Z_A__Z__Z_CP_02_02_pct_change,1983-07-01,0.1142488162367887
CP020200_CPI_CPI_5_2_1_SUB_M_N__Z__Z_I24_L__Z_A__Z__Z_CP_02_02_pct_change,1983-08-01,0.0812857363689176
CP020200_CPI_CPI_5_2_1_SUB_M_N__Z__Z_I24_L__Z_A__Z__Z_CP_02_02_pct_change,1983-09-01,0.0538802343453883
CP020200_CPI_CPI_5_2_1_SUB_M_N__Z__Z_I24_L__Z_A__Z__Z_CP_02_02_pct_change,1983-10-01,0.2022647138530957
CP020200_CPI_CPI_5_2_1_SUB_M_N__Z__Z_I24_L__Z_A__Z__Z_CP_02_02_pct_change,1983-11-01,0.1120072190047429
CP020200_CPI_CPI_5_2_1_SUB_M_N__Z__Z_I24_L__Z_A__Z__Z_CP_02_02_pct_change,1983-12-01,0.1296850433636291
CP020200_CPI_CPI_5_2_1_SUB_M_N__Z__Z_I24_L__Z_A__Z__Z_CP_02_02_pct_change,1984-01-01,0.2034210290549853
CP020200_CPI_CPI_5_2_1_SUB_M_N__Z__Z_I24_L__Z_A__Z__Z_CP_02_02_pct_change,1984-02-01,0.1704905801092522
CP020200_CPI_CPI_5_2_1_SUB_M_N__Z__Z_I24_L__Z_A__Z__Z_CP_02_02_pct_change,1984-03-01,0.0763984063449294
CP020200_CPI_CPI_5_2_1_SUB_M_N__Z__Z_I24_L__Z_A__Z__Z_CP_02_02_pct_change,1984-04-01,0.2845256425382914
CP020200_CPI_CPI_5_2_1_SUB_M_N__Z__Z_I24_L__Z_A__Z__Z_CP_02_02_pct_change,1984-05-01,0.1240865817045724
CP020200_CPI_CPI_5_2_1_SUB_M_N__Z__Z_I24_L__Z_A__Z__Z_CP_02_02_pct_change,1984-06-01,0.143958658017425
CP020200_CPI_CPI_5_2_1_SUB_M_N__Z__Z_I24_L__Z_A__Z__Z_CP_02_02_pct_change,1984-07-01,0.1348594578993285
CP020200_CPI_CPI_5_2_1_SUB_M_N__Z__Z_I24_L__Z_A__Z__Z_CP_02_02_pct_change,1984-08-01,0.1695863016736367
CP020200_CPI_CPI_5_2_1_SUB_M_N__Z__Z_I24_L__Z_A__Z__Z_CP_02_02_pct_change,1984-09-01,0.1617708628948582
CP020200_CPI_CPI_5_2_1_SUB_M_N__Z__Z_I24_L__Z_A__Z__Z_CP_02_02_pct_change,1984-10-01,0.169900373148653
CP020200_CPI_CPI_5_2_1_SUB_M_N__Z__Z_I24_L__Z_A__Z__Z_CP_02_02_pct_change,1984-11-01,0.1953674629377715
CP020200_CPI_CPI_5_2_1_SUB_M_N__Z__Z_I24_L__Z_A__Z__Z_CP_02_02_pct_change,1984-12-01,0.0551551576624478
CP020200_CPI_CPI_5_2_1_SUB_M_N__Z__Z_I24_L__Z_A__Z__Z_CP_02_02_pct_change,1985-01-01,0.0785302366524582
CP020200_CPI_CPI_5_2_1_SUB_M_N__Z__Z_I24_L__Z_A__Z__Z_CP_02_02_pct_change,1985-02-01,0.1110299488280188
CP020200_CPI_CPI_5_2_1_SUB_M_N__Z__Z_I24_L__Z_A__Z__Z_CP_02_02_pct_change,1985-03-01,0.1196581197436781
CP020200_CPI_CPI_5_2_1_SUB_M_N__Z__Z_I24_L__Z_A__Z__Z_CP_02_02_pct_change,1985-04-01,0.2683499706269705
CP020200_CPI_CPI_5_2_1_SUB_M_N__Z__Z_I24_L__Z_A__Z__Z_CP_02_02_pct_change,1985-05-01,0.0629629629570531
CP020200_CPI_CPI_5_2_1_SUB_M_N__Z__Z_I24_L__Z_A__Z__Z_CP_02_02_pct_change,1985-06-01,0.0940766550402749
CP020200_CPI_CPI_5_2_1_SUB_M_N__Z__Z_I24_L__Z_A__Z__Z_CP_02_02_pct_change,1985-07-01,0.2575636942711334
CP020200_CPI_CPI_5_2_1_SUB_M_N__Z__Z_I24_L__Z_A__Z__Z_CP_02_02_pct_change,1985-08-01,0.0436847103398452
CP020200_CPI_CPI_5_2_1_SUB_M_N__Z__Z_I24_L__Z_A__Z__Z_CP_02_02_pct_change,1985-09-01,-0.0039429784803697
CP020200_CPI_CPI_5_2_1_SUB_M_N__Z__Z_I24_L__Z_A__Z__Z_CP_02_02_pct_change,1985-10-01,0.066991473834534
CP020200_CPI_CPI_5_2_1_SUB_M_N__Z__Z_I24_L__Z_A__Z__Z_CP_02_02_pct_change,1985-11-01,0.0339611872120686
CP020200_CPI_CPI_5_2_1_SUB_M_N__Z__Z_I24_L__Z_A__Z__Z_CP_02_02_pct_change,1985-12-01,0.0278774496090381
CP020200_CPI_CPI_5_2_1_SUB_M_N__Z__Z_I24_L__Z_A__Z__Z_CP_02_02_pct_change,1986-01-01,-0.1107261009546762
CP020200_CPI_CPI_5_2_1_SUB_M_N__Z__Z_I24_L__Z_A__Z__Z_CP_02_02_pct_change,1986-02-01,0.0266990291261062
CP020200_CPI_CPI_5_2_1_SUB_M_N__Z__Z_I24_L__Z_A__Z__Z_CP_02_02_pct_change,1986-03-01,0.0094562647869005
CP020200_CPI_CPI_5_2_1_SUB_M_N__Z__Z_I24_L__Z_A__Z__Z_CP_02_02_pct_change,1986-04-01,-0.0117096018771679
CP020200_CPI_CPI_5_2_1_SUB_M_N__Z__Z_I24_L__Z_A__Z__Z_CP_02_02_pct_change,1986-05-01,0.0173775671121692
CP020200_CPI_CPI_5_2_1_SUB_M_N__Z__Z_I24_L__Z_A__Z__Z_CP_02_02_pct_change,1986-06-01,0.0217391304755039
CP020200_CPI_CPI_5_2_1_SUB_M_N__Z__Z_I24_L__Z_A__Z__Z_CP_02_02_pct_change,1986-07-01,-0.0341945288856875
CP020200_CPI_CPI_5_2_1_SUB_M_N__Z__Z_I24_L__Z_A__Z__Z_CP_02_02_pct_change,1986-08-01,0.0102281667925505
CP020200_CPI_CPI_5_2_1_SUB_M_N__Z__Z_I24_L__Z_A__Z__Z_CP_02_02_pct_change,1986-09-01,0.0249221183963235
CP020200_CPI_CPI_5_2_1_SUB_M_N__Z__Z_I24_L__Z_A__Z__Z_CP_02_02_pct_change,1986-10-01,0.0311550151906629
CP020200_CPI_CPI_5_2_1_SUB_M_N__Z__Z_I24_L__Z_A__Z__Z_CP_02_02_pct_change,1986-11-01,0.0353721444392582
CP020200_CPI_CPI_5_2_1_SUB_M_N__Z__Z_I24_L__Z_A__Z__Z_CP_02_02_pct_change,1986-12-01,0.006405693929236
CP020200_CPI_CPI_5_2_1_SUB_M_N__Z__Z_I24_L__Z_A__Z__Z_CP_02_02_pct_change,1987-01-01,-0.0198019801968957
CP020200_CPI_CPI_5_2_1_SUB_M_N__Z__Z_I24_L__Z_A__Z__Z_CP_02_02_pct_change,1987-02-01,0.0223665223583231
CP020200_CPI_CPI_5_2_1_SUB_M_N__Z__Z_I24_L__Z_A__Z__Z_CP_02_02_pct_change,1987-03-01,0.0254057868669959
CP020200_CPI_CPI_5_2_1_SUB_M_N__Z__Z_I24_L__Z_A__Z__Z_CP_02_02_pct_change,1987-04-01,0.0137646249186444
CP020200_CPI_CPI_5_2_1_SUB_M_N__Z__Z_I24_L__Z_A__Z__Z_CP_02_02_pct_change,1987-05-01,0.0088255261328171
CP020200_CPI_CPI_5_2_1_SUB_M_N__Z__Z_I24_L__Z_A__Z__Z_CP_02_02_pct_change,1987-06-01,0.0094212651589373
CP020200_CPI_CPI_5_2_1_SUB_M_N__Z__Z_I24_L__Z_A__Z__Z_CP_02_02_pct_change,1987-07-01,0.0173333333246146
CP020200_CPI_CPI_5_2_1_SUB_M_N__Z__Z_I24_L__Z_A__Z__Z_CP_02_02_pct_change,1987-08-01,0.0131061598994797
CP020200_CPI_CPI_5_2_1_SUB_M_N__Z__Z_I24_L__Z_A__Z__Z_CP_02_02_pct_change,1987-09-01,0.0038809831698001
CP020200_CPI_CPI_5_2_1_SUB_M_N__Z__Z_I24_L__Z_A__Z__Z_CP_02_02_pct_change,1987-10-01,0.0077319587724136
CP020200_CPI_CPI_5_2_1_SUB_M_N__Z__Z_I24_L__Z_A__Z__Z_CP_02_02_pct_change,1987-11-01,0.026214833754504
CP020200_CPI_CPI_5_2_1_SUB_M_N__Z__Z_I24_L__Z_A__Z__Z_CP_02_02_pct_change,1987-12-01,0.0056074766507525
CP020200_CPI_CPI_5_2_1_SUB_M_N__Z__Z_I24_L__Z_A__Z__Z_CP_02_02_pct_change,1988-01-01,-0.0203565675526717
CP020200_CPI_CPI_5_2_1_SUB_M_N__Z__Z_I24_L__Z_A__Z__Z_CP_02_02_pct_change,1988-02-01,0.0343839541877626
CP020200_CPI_CPI_5_2_1_SUB_M_N__Z__Z_I24_L__Z_A__Z__Z_CP_02_02_pct_change,1988-03-01,0.0156971375662291
CP020200_CPI_CPI_5_2_1_SUB_M_N__Z__Z_I24_L__Z_A__Z__Z_CP_02_02_pct_change,1988-04-01,-0.016363636379063
CP020200_CPI_CPI_5_2_1_SUB_M_N__Z__Z_I24_L__Z_A__Z__Z_CP_02_02_pct_change,1988-05-01,0.0203327171952956
CP020200_CPI_CPI_5_2_1_SUB_M_N__Z__Z_I24_L__Z_A__Z__Z_CP_02_02_pct_change,1988-06-01,0.0072463768220805
CP020200_CPI_CPI_5_2_1_SUB_M_N__Z__Z_I24_L__Z_A__Z__Z_CP_02_02_pct_change,1988-07-01,0.0089928057603347
CP020200_CPI_CPI_5_2_1_SUB_M_N__Z__Z_I24_L__Z_A__Z__Z_CP_02_02_pct_change,1988-08-01,0.0160427807320835
CP020200_CPI_CPI_5_2_1_SUB_M_N__Z__Z_I24_L__Z_A__Z__Z_CP_02_02_pct_change,1988-09-01,0.0192982456186256
CP020200_CPI_CPI_5_2_1_SUB_M_N__Z__Z_I24_L__Z_A__Z__Z_CP_02_02_pct_change,1988-10-01,0.0722891566239294
CP020200_CPI_CPI_5_2_1_SUB_M_N__Z__Z_I24_L__Z_A__Z__Z_CP_02_02_pct_change,1988-11-01,0.0248796147782961
CP020200_CPI_CPI_5_2_1_SUB_M_N__Z__Z_I24_L__Z_A__Z__Z_CP_02_02_pct_change,1988-12-01,0.0109631949831385
CP020200_CPI_CPI_5_2_1_SUB_M_N__Z__Z_I24_L__Z_A__Z__Z_CP_02_02_pct_change,1989-01-01,0.0
CP020200_CPI_CPI_5_2_1_SUB_M_N__Z__Z_I24_L__Z_A__Z__Z_CP_02_02_pct_change,1989-02-01,0.0232378001677644
CP020200_CPI_CPI_5_2_1_SUB_M_N__Z__Z_I24_L__Z_A__Z__Z_CP_02_02_pct_change,1989-03-01,0.0113550340577996
CP020200_CPI_CPI_5_2_1_SUB_M_N__Z__Z_I24_L__Z_A__Z__Z_CP_02_02_pct_change,1989-04-01,0.0516467065911809
CP020200_CPI_CPI_5_2_1_SUB_M_N__Z__Z_I24_L__Z_A__Z__Z_CP_02_02_pct_change,1989-05-01,0.0320284697556538
CP020200_CPI_CPI_5_2_1_SUB_M_N__Z__Z_I24_L__Z_A__Z__Z_CP_02_02_pct_change,1989-06-01,0.0262068965462556
CP020200_CPI_CPI_5_2_1_SUB_M_N__Z__Z_I24_L__Z_A__Z__Z_CP_02_02_pct_change,1989-07-01,0.005376344069863
CP020200_CPI_CPI_5_2_1_SUB_M_N__Z__Z_I24_L__Z_A__Z__Z_CP_02_02_pct_change,1989-08-01,0.0334224599117602
CP020200_CPI_CPI_5_2_1_SUB_M_N__Z__Z_I24_L__Z_A__Z__Z_CP_02_02_pct_change,1989-09-01,0.0498059508288373
CP020200_CPI_CPI_5_2_1_SUB_M_N__Z__Z_I24_L__Z_A__Z__Z_CP_02_02_pct_change,1989-10-01,0.0418977202767822
CP020200_CPI_CPI_5_2_1_SUB_M_N__Z__Z_I24_L__Z_A__Z__Z_CP_02_02_pct_change,1989-11-01,0.0212891780002548
CP020200_CPI_CPI_5_2_1_SUB_M_N__Z__Z_I24_L__Z_A__Z__Z_CP_02_02_pct_change,1989-12-01,0.0092646207223385
CP020200_CPI_CPI_5_2_1_SUB_M_N__Z__Z_I24_L__Z_A__Z__Z_CP_02_02_pct_change,1990-01-01,0.0028686173382248
CP020200_CPI_CPI_5_2_1_SUB_M_N__Z__Z_I24_L__Z_A__Z__Z_CP_02_02_pct_change,1990-02-01,0.0200228832959419
CP020200_CPI_CPI_5_2_1_SUB_M_N__Z__Z_I24_L__Z_A__Z__Z_CP_02_02_pct_change,1990-03-01,0.0218732473299216
CP020200_CPI_CPI_5_2_1_SUB_M_N__Z__Z_I24_L__Z_A__Z__Z_CP_02_02_pct_change,1990-04-01,0.0433589462192431
CP020200_CPI_CPI_5_2_1_SUB_M_N__Z__Z_I24_L__Z_A__Z__Z_CP_02_02_pct_change,1990-05-01,0.0236717516944759
CP020200_CPI_CPI_5_2_1_SUB_M_N__Z__Z_I24_L__Z_A__Z__Z_CP_02_02_pct_change,1990-06-01,0.0292908530354405
CP020200_CPI_CPI_5_2_1_SUB_M_N__Z__Z_I24_L__Z_A__Z__Z_CP_02_02_pct_change,1990-07-01,0.0379430853823536
CP020200_CPI_CPI_5_2_1_SUB_M_N__Z__Z_I24_L__Z_A__Z__Z_CP_02_02_pct_change,1990-08-01,0.0365560365486312
CP020200_CPI_CPI_5_2_1_SUB_M_N__Z__Z_I24_L__Z_A__Z__Z_CP_02_02_pct_change,1990-09-01,0.0612529002295829
CP020200_CPI_CPI_5_2_1_SUB_M_N__Z__Z_I24_L__Z_A__Z__Z_CP_02_02_pct_change,1990-10-01,0.0131176213452657
CP020200_CPI_CPI_5_2_1_SUB_M_N__Z__Z_I24_L__Z_A__Z__Z_CP_02_02_pct_change,1990-11-01,0.0
CP020200_CPI_CPI_5_2_1_SUB_M_N__Z__Z_I24_L__Z_A__Z__Z_CP_02_02_pct_change,1990-12-01,0.0008631851506222
CP020200_CPI_CPI_5_2_1_SUB_M_N__Z__Z_I24_L__Z_A__Z__Z_CP_02_02_pct_change,1991-01-01,-0.0021561017615379
CP020200_CPI_CPI_5_2_1_SUB_M_N__Z__Z_I24_L__Z_A__Z__Z_CP_02_02_pct_change,1991-02-01,0.0034572169299695
CP020200_CPI_CPI_5_2_1_SUB_M_N__Z__Z_I24_L__Z_A__Z__Z_CP_02_02_pct_change,1991-03-01,0.0292850990565185
CP020200_CPI_CPI_5_2_1_SUB_M_N__Z__Z_I24_L__Z_A__Z__Z_CP_02_02_pct_change,1991-04-01,0.0050209205018816
CP020200_CPI_CPI_5_2_1_SUB_M_N__Z__Z_I24_L__Z_A__Z__Z_CP_02_02_pct_change,1991-05-01,0.0203996669421298
CP020200_CPI_CPI_5_2_1_SUB_M_N__Z__Z_I24_L__Z_A__Z__Z_CP_02_02_pct_change,1991-06-01,0.046919624647167
CP020200_CPI_CPI_5_2_1_SUB_M_N__Z__Z_I24_L__Z_A__Z__Z_CP_02_02_pct_change,1991-07-01,0.1184723304794812
CP020200_CPI_CPI_5_2_1_SUB_M_N__Z__Z_I24_L__Z_A__Z__Z_CP_02_02_pct_change,1991-08-01,0.0560975609677971
CP020200_CPI_CPI_5_2_1_SUB_M_N__Z__Z_I24_L__Z_A__Z__Z_CP_02_02_pct_change,1991-09-01,0.0224348399898097
CP020200_CPI_CPI_5_2_1_SUB_M_N__Z__Z_I24_L__Z_A__Z__Z_CP_02_02_pct_change,1991-10-01,-0.0416263310756187
CP020200_CPI_CPI_5_2_1_SUB_M_N__Z__Z_I24_L__Z_A__Z__Z_CP_02_02_pct_change,1991-11-01,-0.0020202020260922
CP020200_CPI_CPI_5_2_1_SUB_M_N__Z__Z_I24_L__Z_A__Z__Z_CP_02_02_pct_change,1991-12-01,-0.0040485829958065
CP020200_CPI_CPI_5_2_1_SUB_M_N__Z__Z_I24_L__Z_A__Z__Z_CP_02_02_pct_change,1992-01-01,-0.0426829268217143
CP020200_CPI_CPI_5_2_1_SUB_M_N__Z__Z_I24_L__Z_A__Z__Z_CP_02_02_pct_change,1992-02-01,-0.0038924274601831
CP020200_CPI_CPI_5_2_1_SUB_M_N__Z__Z_I24_L__Z_A__Z__Z_CP_02_02_pct_change,1992-03-01,0.0007104795715791
CP020200_CPI_CPI_5_2_1_SUB_M_N__Z__Z_I24_L__Z_A__Z__Z_CP_02_02_pct_change,1992-04-01,0.0457933972323751
CP020200_CPI_CPI_5_2_1_SUB_M_N__Z__Z_I24_L__Z_A__Z__Z_CP_02_02_pct_change,1992-05-01,0.0
CP020200_CPI_CPI_5_2_1_SUB_M_N__Z__Z_I24_L__Z_A__Z__Z_CP_02_02_pct_change,1992-06-01,0.0
CP020200_CPI_CPI_5_2_1_SUB_M_N__Z__Z_I24_L__Z_A__Z__Z_CP_02_02_pct_change,1992-07-01,0.0274949083521542
CP020200_CPI_CPI_5_2_1_SUB_M_N__Z__Z_I24_L__Z_A__Z__Z_CP_02_02_pct_change,1992-08-01,0.0188305252746503
CP020200_CPI_CPI_5_2_1_SUB_M_N__Z__Z_I24_L__Z_A__Z__Z_CP_02_02_pct_change,1992-09-01,-0.001945525297493
CP020200_CPI_CPI_5_2_1_SUB_M_N__Z__Z_I24_L__Z_A__Z__Z_CP_02_02_pct_change,1992-10-01,-0.0204678362536021
CP020200_CPI_CPI_5_2_1_SUB_M_N__Z__Z_I24_L__Z_A__Z__Z_CP_02_02_pct_change,1992-11-01,0.0013266998301821
CP020200_CPI_CPI_5_2_1_SUB_M_N__Z__Z_I24_L__Z_A__Z__Z_CP_02_02_pct_change,1992-12-01,0.0105995362737807
CP020200_CPI_CPI_5_2_1_SUB_M_N__Z__Z_I24_L__Z_A__Z__Z_CP_02_02_pct_change,1993-01-01,0.0530973451362457
CP020200_CPI_CPI_5_2_1_SUB_M_N__Z__Z_I24_L__Z_A__Z__Z_CP_02_02_pct_change,1993-02-01,0.0364145658163312
CP020200_CPI_CPI_5_2_1_SUB_M_N__Z__Z_I24_L__Z_A__Z__Z_CP_02_02_pct_change,1993-03-01,0.0318318318324222
CP020200_CPI_CPI_5_2_1_SUB_M_N__Z__Z_I24_L__Z_A__Z__Z_CP_02_02_pct_change,1993-04-01,0.0218277066425431
CP020200_CPI_CPI_5_2_1_SUB_M_N__Z__Z_I24_L__Z_A__Z__Z_CP_02_02_pct_change,1993-05-01,0.0125320421459353
CP020200_CPI_CPI_5_2_1_SUB_M_N__Z__Z_I24_L__Z_A__Z__Z_CP_02_02_pct_change,1993-06-01,0.0008438818340379
CP020200_CPI_CPI_5_2_1_SUB_M_N__Z__Z_I24_L__Z_A__Z__Z_CP_02_02_pct_change,1993-07-01,-0.0134907250963416
CP020200_CPI_CPI_5_2_1_SUB_M_N__Z__Z_I24_L__Z_A__Z__Z_CP_02_02_pct_change,1993-08-01,0.0128205128123466
CP020200_CPI_CPI_5_2_1_SUB_M_N__Z__Z_I24_L__Z_A__Z__Z_CP_02_02_pct_change,1993-09-01,0.0177215190141384
CP020200_CPI_CPI_5_2_1_SUB_M_N__Z__Z_I24_L__Z_A__Z__Z_CP_02_02_pct_change,1993-10-01,0.0304035378724625
CP020200_CPI_CPI_5_2_1_SUB_M_N__Z__Z_I24_L__Z_A__Z__Z_CP_02_02_pct_change,1993-11-01,0.0067060085633838
CP020200_CPI_CPI_5_2_1_SUB_M_N__Z__Z_I24_L__Z_A__Z__Z_CP_02_02_pct_change,1993-12-01,0.0207833733145135
CP020200_CPI_CPI_5_2_1_SUB_M_N__Z__Z_I24_L__Z_A__Z__Z_CP_02_02_pct_change,1994-01-01,0.0304359174934916
CP020200_CPI_CPI_5_2_1_SUB_M_N__Z__Z_I24_L__Z_A__Z__Z_CP_02_02_pct_change,1994-02-01,0.0143884892086341
CP020200_CPI_CPI_5_2_1_SUB_M_N__Z__Z_I24_L__Z_A__Z__Z_CP_02_02_pct_change,1994-03-01,0.033687943262411
CP020200_CPI_CPI_5_2_1_SUB_M_N__Z__Z_I24_L__Z_A__Z__Z_CP_02_02_pct_change,1994-04-01,0.0403087478559158
CP020200_CPI_CPI_5_2_1_SUB_M_N__Z__Z_I24_L__Z_A__Z__Z_CP_02_02_pct_change,1994-05-01,0.0247320692497965
CP020200_CPI_CPI_5_2_1_SUB_M_N__Z__Z_I24_L__Z_A__Z__Z_CP_02_02_pct_change,1994-06-01,0.0225261464199517
CP020200_CPI_CPI_5_2_1_SUB_M_N__Z__Z_I24_L__Z_A__Z__Z_CP_02_02_pct_change,1994-07-01,0.0259638080251769
CP020200_CPI_CPI_5_2_1_SUB_M_N__Z__Z_I24_L__Z_A__Z__Z_CP_02_02_pct_change,1994-08-01,0.0153374233128829
CP020200_CPI_CPI_5_2_1_SUB_M_N__Z__Z_I24_L__Z_A__Z__Z_CP_02_02_pct_change,1994-09-01,0.0128398791540775
CP020200_CPI_CPI_5_2_1_SUB_M_N__Z__Z_I24_L__Z_A__Z__Z_CP_02_02_pct_change,1994-10-01,0.0104399701715152
CP020200_CPI_CPI_5_2_1_SUB_M_N__Z__Z_I24_L__Z_A__Z__Z_CP_02_02_pct_change,1994-11-01,0.0051660516605158
CP020200_CPI_CPI_5_2_1_SUB_M_N__Z__Z_I24_L__Z_A__Z__Z_CP_02_02_pct_change,1994-12-01,0.012481644640234
CP020200_CPI_CPI_5_2_1_SUB_M_N__Z__Z_I24_L__Z_A__Z__Z_CP_02_02_pct_change,1995-01-01,0.0174039158810743
CP020200_CPI_CPI_5_2_1_SUB_M_N__Z__Z_I24_L__Z_A__Z__Z_CP_02_02_pct_change,1995-02-01,0.0071275837491089
CP020200_CPI_CPI_5_2_1_SUB_M_N__Z__Z_I24_L__Z_A__Z__Z_CP_02_02_pct_change,1995-03-01,-0.0035385704175513
CP020200_CPI_CPI_5_2_1_SUB_M_N__Z__Z_I24_L__Z_A__Z__Z_CP_02_02_pct_change,1995-04-01,0.0085227272727266
CP020200_CPI_CPI_5_2_1_SUB_M_N__Z__Z_I24_L__Z_A__Z__Z_CP_02_02_pct_change,1995-05-01,0.0183098591549299
CP020200_CPI_CPI_5_2_1_SUB_M_N__Z__Z_I24_L__Z_A__Z__Z_CP_02_02_pct_change,1995-06-01,0.0041493775933618
CP020200_CPI_CPI_5_2_1_SUB_M_N__Z__Z_I24_L__Z_A__Z__Z_CP_02_02_pct_change,1995-07-01,0.003443526170799
CP020200_CPI_CPI_5_2_1_SUB_M_N__Z__Z_I24_L__Z_A__Z__Z_CP_02_02_pct_change,1995-08-01,0.0295126973232666
CP020200_CPI_CPI_5_2_1_SUB_M_N__Z__Z_I24_L__Z_A__Z__Z_CP_02_02_pct_change,1995-09-01,0.009333333333332
CP020200_CPI_CPI_5_2_1_SUB_M_N__Z__Z_I24_L__Z_A__Z__Z_CP_02_02_pct_change,1995-10-01,0.0099075297225887
CP020200_CPI_CPI_5_2_1_SUB_M_N__Z__Z_I24_L__Z_A__Z__Z_CP_02_02_pct_change,1995-11-01,0.0052321778940487
CP020200_CPI_CPI_5_2_1_SUB_M_N__Z__Z_I24_L__Z_A__Z__Z_CP_02_02_pct_change,1995-12-01,0.0305790500975942
CP020200_CPI_CPI_5_2_1_SUB_M_N__Z__Z_I24_L__Z_A__Z__Z_CP_02_02_pct_change,1996-01-01,0.0189393939393933
CP020200_CPI_CPI_5_2_1_SUB_M_N__Z__Z_I24_L__Z_A__Z__Z_CP_02_02_pct_change,1996-02-01,0.0204460966542749
CP020200_CPI_CPI_5_2_1_SUB_M_N__Z__Z_I24_L__Z_A__Z__Z_CP_02_02_pct_change,1996-03-01,0.0024286581663643
CP020200_CPI_CPI_5_2_1_SUB_M_N__Z__Z_I24_L__Z_A__Z__Z_CP_02_02_pct_change,1996-04-01,0.0218049666868569
CP020200_CPI_CPI_5_2_1_SUB_M_N__Z__Z_I24_L__Z_A__Z__Z_CP_02_02_pct_change,1996-05-01,0.0367516301126242
CP020200_CPI_CPI_5_2_1_SUB_M_N__Z__Z_I24_L__Z_A__Z__Z_CP_02_02_pct_change,1996-06-01,0.0120068610634653
CP020200_CPI_CPI_5_2_1_SUB_M_N__Z__Z_I24_L__Z_A__Z__Z_CP_02_02_pct_change,1996-07-01,-0.005649717514124
CP020200_CPI_CPI_5_2_1_SUB_M_N__Z__Z_I24_L__Z_A__Z__Z_CP_02_02_pct_change,1996-08-01,-0.0085227272727271
CP020200_CPI_CPI_5_2_1_SUB_M_N__Z__Z_I24_L__Z_A__Z__Z_CP_02_02_pct_change,1996-09-01,-0.0040114613180531
CP020200_CPI_CPI_5_2_1_SUB_M_N__Z__Z_I24_L__Z_A__Z__Z_CP_02_02_pct_change,1996-10-01,0.0051783659378608
CP020200_CPI_CPI_5_2_1_SUB_M_N__Z__Z_I24_L__Z_A__Z__Z_CP_02_02_pct_change,1996-11-01,0.0108757870635363
CP020200_CPI_CPI_5_2_1_SUB_M_N__Z__Z_I24_L__Z_A__Z__Z_CP_02_02_pct_change,1996-12-01,0.0186862967157417
CP020200_CPI_CPI_5_2_1_SUB_M_N__Z__Z_I24_L__Z_A__Z__Z_CP_02_02_pct_change,1997-01-01,0.0088938299055036
CP020200_CPI_CPI_5_2_1_SUB_M_N__Z__Z_I24_L__Z_A__Z__Z_CP_02_02_pct_change,1997-02-01,0.0137741046831951
CP020200_CPI_CPI_5_2_1_SUB_M_N__Z__Z_I24_L__Z_A__Z__Z_CP_02_02_pct_change,1997-03-01,0.0130434782608706
CP020200_CPI_CPI_5_2_1_SUB_M_N__Z__Z_I24_L__Z_A__Z__Z_CP_02_02_pct_change,1997-04-01,0.0064377682403427
CP020200_CPI_CPI_5_2_1_SUB_M_N__Z__Z_I24_L__Z_A__Z__Z_CP_02_02_pct_change,1997-05-01,-0.0069296375266526
CP020200_CPI_CPI_5_2_1_SUB_M_N__Z__Z_I24_L__Z_A__Z__Z_CP_02_02_pct_change,1997-06-01,0.0246913580246914
CP020200_CPI_CPI_5_2_1_SUB_M_N__Z__Z_I24_L__Z_A__Z__Z_CP_02_02_pct_change,1997-07-01,0.0261917234154021
CP020200_CPI_CPI_5_2_1_SUB_M_N__Z__Z_I24_L__Z_A__Z__Z_CP_02_02_pct_change,1997-08-01,0.0025523226135764
CP020200_CPI_CPI_5_2_1_SUB_M_N__Z__Z_I24_L__Z_A__Z__Z_CP_02_02_pct_change,1997-09-01,-0.0096741344195508
CP020200_CPI_CPI_5_2_1_SUB_M_N__Z__Z_I24_L__Z_A__Z__Z_CP_02_02_pct_change,1997-10-01,0.0149100257069416
CP020200_CPI_CPI_5_2_1_SUB_M_N__Z__Z_I24_L__Z_A__Z__Z_CP_02_02_pct_change,1997-11-01,-0.0167173252279635
CP020200_CPI_CPI_5_2_1_SUB_M_N__Z__Z_I24_L__Z_A__Z__Z_CP_02_02_pct_change,1997-12-01,-0.0066975785677487
CP020200_CPI_CPI_5_2_1_SUB_M_N__Z__Z_I24_L__Z_A__Z__Z_CP_02_02_pct_change,1998-01-01,0.0129668049792526
CP020200_CPI_CPI_5_2_1_SUB_M_N__Z__Z_I24_L__Z_A__Z__Z_CP_02_02_pct_change,1998-02-01,0.0051203277009728
CP020200_CPI_CPI_5_2_1_SUB_M_N__Z__Z_I24_L__Z_A__Z__Z_CP_02_02_pct_change,1998-03-01,-0.0050942435048394
CP020200_CPI_CPI_5_2_1_SUB_M_N__Z__Z_I24_L__Z_A__Z__Z_CP_02_02_pct_change,1998-04-01,0.0158730158730142
CP020200_CPI_CPI_5_2_1_SUB_M_N__Z__Z_I24_L__Z_A__Z__Z_CP_02_02_pct_change,1998-05-01,-0.0126008064516105
CP020200_CPI_CPI_5_2_1_SUB_M_N__Z__Z_I24_L__Z_A__Z__Z_CP_02_02_pct_change,1998-06-01,0.0056151097498711
CP020200_CPI_CPI_5_2_1_SUB_M_N__Z__Z_I24_L__Z_A__Z__Z_CP_02_02_pct_change,1998-07-01,-0.006091370558375
CP020200_CPI_CPI_5_2_1_SUB_M_N__Z__Z_I24_L__Z_A__Z__Z_CP_02_02_pct_change,1998-08-01,0.0091930541368745
CP020200_CPI_CPI_5_2_1_SUB_M_N__Z__Z_I24_L__Z_A__Z__Z_CP_02_02_pct_change,1998-09-01,0.0258097165991904
CP020200_CPI_CPI_5_2_1_SUB_M_N__Z__Z_I24_L__Z_A__Z__Z_CP_02_02_pct_change,1998-10-01,0.0384805130735068
CP020200_CPI_CPI_5_2_1_SUB_M_N__Z__Z_I24_L__Z_A__Z__Z_CP_02_02_pct_change,1998-11-01,0.0023752969121138
CP020200_CPI_CPI_5_2_1_SUB_M_N__Z__Z_I24_L__Z_A__Z__Z_CP_02_02_pct_change,1998-12-01,-0.0146919431279624
CP020200_CPI_CPI_5_2_1_SUB_M_N__Z__Z_I24_L__Z_A__Z__Z_CP_02_02_pct_change,1999-01-01,-0.0336657046657052
CP020200_CPI_CPI_5_2_1_SUB_M_N__Z__Z_I24_L__Z_A__Z__Z_CP_02_02_pct_change,1999-02-01,-0.0289132602193404
CP020200_CPI_CPI_5_2_1_SUB_M_N__Z__Z_I24_L__Z_A__Z__Z_CP_02_02_pct_change,1999-03-01,0.0010266940451748
CP020200_CPI_CPI_5_2_1_SUB_M_N__Z__Z_I24_L__Z_A__Z__Z_CP_02_02_pct_change,1999-04-01,-0.0092307692307684
CP020200_CPI_CPI_5_2_1_SUB_M_N__Z__Z_I24_L__Z_A__Z__Z_CP_02_02_pct_change,1999-05-01,0.0144927536231873
CP020200_CPI_CPI_5_2_1_SUB_M_N__Z__Z_I24_L__Z_A__Z__Z_CP_02_02_pct_change,1999-06-01,0.0163265306122446
CP020200_CPI_CPI_5_2_1_SUB_M_N__Z__Z_I24_L__Z_A__Z__Z_CP_02_02_pct_change,1999-07-01,0.0170682730923696
CP020200_CPI_CPI_5_2_1_SUB_M_N__Z__Z_I24_L__Z_A__Z__Z_CP_02_02_pct_change,1999-08-01,0.0217176702862784
CP020200_CPI_CPI_5_2_1_SUB_M_N__Z__Z_I24_L__Z_A__Z__Z_CP_02_02_pct_change,1999-09-01,0.0183574879227059
CP020200_CPI_CPI_5_2_1_SUB_M_N__Z__Z_I24_L__Z_A__Z__Z_CP_02_02_pct_change,1999-10-01,-0.0009487666034158
CP020200_CPI_CPI_5_2_1_SUB_M_N__Z__Z_I24_L__Z_A__Z__Z_CP_02_02_pct_change,1999-11-01,-0.0132953466286809
CP020200_CPI_CPI_5_2_1_SUB_M_N__Z__Z_I24_L__Z_A__Z__Z_CP_02_02_pct_change,1999-12-01,-0.0202117420596723
CP020200_CPI_CPI_5_2_1_SUB_M_N__Z__Z_I24_L__Z_A__Z__Z_CP_02_02_pct_change,2000-01-01,-0.0235756385068768
CP020200_CPI_CPI_5_2_1_SUB_M_N__Z__Z_I24_L__Z_A__Z__Z_CP_02_02_pct_change,2000-02-01,-0.016096579476861
CP020200_CPI_CPI_5_2_1_SUB_M_N__Z__Z_I24_L__Z_A__Z__Z_CP_02_02_pct_change,2000-03-01,-0.013292433537831
CP020200_CPI_CPI_5_2_1_SUB_M_N__Z__Z_I24_L__Z_A__Z__Z_CP_02_02_pct_change,2000-04-01,-0.0062176165803131
CP020200_CPI_CPI_5_2_1_SUB_M_N__Z__Z_I24_L__Z_A__Z__Z_CP_02_02_pct_change,2000-05-01,0.0250260688216898
CP020200_CPI_CPI_5_2_1_SUB_M_N__Z__Z_I24_L__Z_A__Z__Z_CP_02_02_pct_change,2000-06-01,0.0122075279755853
CP020200_CPI_CPI_5_2_1_SUB_M_N__Z__Z_I24_L__Z_A__Z__Z_CP_02_02_pct_change,2000-07-01,-0.0070351758793955
CP020200_CPI_CPI_5_2_1_SUB_M_N__Z__Z_I24_L__Z_A__Z__Z_CP_02_02_pct_change,2000-08-01,-0.0040485829959527
CP020200_CPI_CPI_5_2_1_SUB_M_N__Z__Z_I24_L__Z_A__Z__Z_CP_02_02_pct_change,2000-09-01,-0.004065040650406
CP020200_CPI_CPI_5_2_1_SUB_M_N__Z__Z_I24_L__Z_A__Z__Z_CP_02_02_pct_change,2000-10-01,0.0020408163265293
CP020200_CPI_CPI_5_2_1_SUB_M_N__Z__Z_I24_L__Z_A__Z__Z_CP_02_02_pct_change,2000-11-01,0.0020366598778012
CP020200_CPI_CPI_5_2_1_SUB_M_N__Z__Z_I24_L__Z_A__Z__Z_CP_02_02_pct_change,2000-12-01,0.0040650406504079
CP020200_CPI_CPI_5_2_1_SUB_M_N__Z__Z_I24_L__Z_A__Z__Z_CP_02_02_pct_change,2001-01-01,-0.0040850202429152
CP020200_CPI_CPI_5_2_1_SUB_M_N__Z__Z_I24_L__Z_A__Z__Z_CP_02_02_pct_change,2001-02-01,0.0059880239520955
CP020200_CPI_CPI_5_2_1_SUB_M_N__Z__Z_I24_L__Z_A__Z__Z_CP_02_02_pct_change,2001-03-01,0.0168650793650786
CP020200_CPI_CPI_5_2_1_SUB_M_N__Z__Z_I24_L__Z_A__Z__Z_CP_02_02_pct_change,2001-04-01,0.0019512195121949
CP020200_CPI_CPI_5_2_1_SUB_M_N__Z__Z_I24_L__Z_A__Z__Z_CP_02_02_pct_change,2001-05-01,-0.0009737098344692
CP020200_CPI_CPI_5_2_1_SUB_M_N__Z__Z_I24_L__Z_A__Z__Z_CP_02_02_pct_change,2001-06-01,0.0029239766081869
CP020200_CPI_CPI_5_2_1_SUB_M_N__Z__Z_I24_L__Z_A__Z__Z_CP_02_02_pct_change,2001-07-01,0.0233236151603508
CP020200_CPI_CPI_5_2_1_SUB_M_N__Z__Z_I24_L__Z_A__Z__Z_CP_02_02_pct_change,2001-08-01,0.0104463437796766
CP020200_CPI_CPI_5_2_1_SUB_M_N__Z__Z_I24_L__Z_A__Z__Z_CP_02_02_pct_change,2001-09-01,-0.00093984962406
CP020200_CPI_CPI_5_2_1_SUB_M_N__Z__Z_I24_L__Z_A__Z__Z_CP_02_02_pct_change,2001-10-01,0.0065851364063966
CP020200_CPI_CPI_5_2_1_SUB_M_N__Z__Z_I24_L__Z_A__Z__Z_CP_02_02_pct_change,2001-11-01,-0.0084112149532725
CP020200_CPI_CPI_5_2_1_SUB_M_N__Z__Z_I24_L__Z_A__Z__Z_CP_02_02_pct_change,2001-12-01,0.0009425070688047
CP020200_CPI_CPI_5_2_1_SUB_M_N__Z__Z_I24_L__Z_A__Z__Z_CP_02_02_pct_change,2002-01-01,0.0338983050847461
CP020200_CPI_CPI_5_2_1_SUB_M_N__Z__Z_I24_L__Z_A__Z__Z_CP_02_02_pct_change,2002-02-01,0.031876138433512
CP020200_CPI_CPI_5_2_1_SUB_M_N__Z__Z_I24_L__Z_A__Z__Z_CP_02_02_pct_change,2002-03-01,0.0141218005295669
CP020200_CPI_CPI_5_2_1_SUB_M_N__Z__Z_I24_L__Z_A__Z__Z_CP_02_02_pct_change,2002-04-01,0.0147954743255052
CP020200_CPI_CPI_5_2_1_SUB_M_N__Z__Z_I24_L__Z_A__Z__Z_CP_02_02_pct_change,2002-05-01,0.0154373927958859
CP020200_CPI_CPI_5_2_1_SUB_M_N__Z__Z_I24_L__Z_A__Z__Z_CP_02_02_pct_change,2002-06-01,0.0202702702702677
CP020200_CPI_CPI_5_2_1_SUB_M_N__Z__Z_I24_L__Z_A__Z__Z_CP_02_02_pct_change,2002-07-01,-0.0091059602649002
CP020200_CPI_CPI_5_2_1_SUB_M_N__Z__Z_I24_L__Z_A__Z__Z_CP_02_02_pct_change,2002-08-01,-0.0292397660818715
CP020200_CPI_CPI_5_2_1_SUB_M_N__Z__Z_I24_L__Z_A__Z__Z_CP_02_02_pct_change,2002-09-01,0.0043029259896709
CP020200_CPI_CPI_5_2_1_SUB_M_N__Z__Z_I24_L__Z_A__Z__Z_CP_02_02_pct_change,2002-10-01,0.0171379605826882
CP020200_CPI_CPI_5_2_1_SUB_M_N__Z__Z_I24_L__Z_A__Z__Z_CP_02_02_pct_change,2002-11-01,-0.0219039595619232
CP020200_CPI_CPI_5_2_1_SUB_M_N__Z__Z_I24_L__Z_A__Z__Z_CP_02_02_pct_change,2002-12-01,-0.0111972437553793
CP020200_CPI_CPI_5_2_1_SUB_M_N__Z__Z_I24_L__Z_A__Z__Z_CP_02_02_pct_change,2003-01-01,0.0059747386759614
CP020200_CPI_CPI_5_2_1_SUB_M_N__Z__Z_I24_L__Z_A__Z__Z_CP_02_02_pct_change,2003-02-01,0.0060422960725023
CP020200_CPI_CPI_5_2_1_SUB_M_N__Z__Z_I24_L__Z_A__Z__Z_CP_02_02_pct_change,2003-03-01,-0.0050050050050057
CP020200_CPI_CPI_5_2_1_SUB_M_N__Z__Z_I24_L__Z_A__Z__Z_CP_02_02_pct_change,2003-04-01,-0.0251509054325886
CP020200_CPI_CPI_5_2_1_SUB_M_N__Z__Z_I24_L__Z_A__Z__Z_CP_02_02_pct_change,2003-05-01,-0.022703818369455
CP020200_CPI_CPI_5_2_1_SUB_M_N__Z__Z_I24_L__Z_A__Z__Z_CP_02_02_pct_change,2003-06-01,-0.028511087645198
CP020200_CPI_CPI_5_2_1_SUB_M_N__Z__Z_I24_L__Z_A__Z__Z_CP_02_02_pct_change,2003-07-01,-0.0054347826086944
CP020200_CPI_CPI_5_2_1_SUB_M_N__Z__Z_I24_L__Z_A__Z__Z_CP_02_02_pct_change,2003-08-01,0.0153005464480884
CP020200_CPI_CPI_5_2_1_SUB_M_N__Z__Z_I24_L__Z_A__Z__Z_CP_02_02_pct_change,2003-09-01,0.005382131324005
CP020200_CPI_CPI_5_2_1_SUB_M_N__Z__Z_I24_L__Z_A__Z__Z_CP_02_02_pct_change,2003-10-01,-0.002141327623127
CP020200_CPI_CPI_5_2_1_SUB_M_N__Z__Z_I24_L__Z_A__Z__Z_CP_02_02_pct_change,2003-11-01,-0.0042918454935636
CP020200_CPI_CPI_5_2_1_SUB_M_N__Z__Z_I24_L__Z_A__Z__Z_CP_02_02_pct_change,2003-12-01,-0.010775862068965
CP020200_CPI_CPI_5_2_1_SUB_M_N__Z__Z_I24_L__Z_A__Z__Z_CP_02_02_pct_change,2004-01-01,-0.00871459694989
CP020200_CPI_CPI_5_2_1_SUB_M_N__Z__Z_I24_L__Z_A__Z__Z_CP_02_02_pct_change,2004-02-01,0.0032967032967032
CP020200_CPI_CPI_5_2_1_SUB_M_N__Z__Z_I24_L__Z_A__Z__Z_CP_02_02_pct_change,2004-03-01,0.0054764512595826
CP020200_CPI_CPI_5_2_1_SUB_M_N__Z__Z_I24_L__Z_A__Z__Z_CP_02_02_pct_change,2004-04-01,0.0076252723311542
CP020200_CPI_CPI_5_2_1_SUB_M_N__Z__Z_I24_L__Z_A__Z__Z_CP_02_02_pct_change,2004-05-01,0.0086486486486494
CP020200_CPI_CPI_5_2_1_SUB_M_N__Z__Z_I24_L__Z_A__Z__Z_CP_02_02_pct_change,2004-06-01,-0.0021436227224015
CP020200_CPI_CPI_5_2_1_SUB_M_N__Z__Z_I24_L__Z_A__Z__Z_CP_02_02_pct_change,2004-07-01,-0.0032223415682063
CP020200_CPI_CPI_5_2_1_SUB_M_N__Z__Z_I24_L__Z_A__Z__Z_CP_02_02_pct_change,2004-08-01,0.0075431034482755
CP020200_CPI_CPI_5_2_1_SUB_M_N__Z__Z_I24_L__Z_A__Z__Z_CP_02_02_pct_change,2004-09-01,-0.0021390374331539
CP020200_CPI_CPI_5_2_1_SUB_M_N__Z__Z_I24_L__Z_A__Z__Z_CP_02_02_pct_change,2004-10-01,-0.0117899249732056
CP020200_CPI_CPI_5_2_1_SUB_M_N__Z__Z_I24_L__Z_A__Z__Z_CP_02_02_pct_change,2004-11-01,-0.0119305856832963
CP020200_CPI_CPI_5_2_1_SUB_M_N__Z__Z_I24_L__Z_A__Z__Z_CP_02_02_pct_change,2004-12-01,-0.0186608122941814
CP020200_CPI_CPI_5_2_1_SUB_M_N__Z__Z_I24_L__Z_A__Z__Z_CP_02_02_pct_change,2005-01-01,-0.0134228187919467
CP020200_CPI_CPI_5_2_1_SUB_M_N__Z__Z_I24_L__Z_A__Z__Z_CP_02_02_pct_change,2005-02-01,0.0056689342403617
CP020200_CPI_CPI_5_2_1_SUB_M_N__Z__Z_I24_L__Z_A__Z__Z_CP_02_02_pct_change,2005-03-01,-0.0045095828635844
CP020200_CPI_CPI_5_2_1_SUB_M_N__Z__Z_I24_L__Z_A__Z__Z_CP_02_02_pct_change,2005-04-01,-0.0011325028312565
CP020200_CPI_CPI_5_2_1_SUB_M_N__Z__Z_I24_L__Z_A__Z__Z_CP_02_02_pct_change,2005-05-01,0.0045351473922898
CP020200_CPI_CPI_5_2_1_SUB_M_N__Z__Z_I24_L__Z_A__Z__Z_CP_02_02_pct_change,2005-06-01,0.0135440180586909
CP020200_CPI_CPI_5_2_1_SUB_M_N__Z__Z_I24_L__Z_A__Z__Z_CP_02_02_pct_change,2005-07-01,0.0311804008908689
CP020200_CPI_CPI_5_2_1_SUB_M_N__Z__Z_I24_L__Z_A__Z__Z_CP_02_02_pct_change,2005-08-01,0.0129589632829358
CP020200_CPI_CPI_5_2_1_SUB_M_N__Z__Z_I24_L__Z_A__Z__Z_CP_02_02_pct_change,2005-09-01,-0.0042643923240914
CP020200_CPI_CPI_5_2_1_SUB_M_N__Z__Z_I24_L__Z_A__Z__Z_CP_02_02_pct_change,2005-10-01,0.0042826552462502
CP020200_CPI_CPI_5_2_1_SUB_M_N__Z__Z_I24_L__Z_A__Z__Z_CP_02_02_pct_change,2005-11-01,0.0138592750533066
CP020200_CPI_CPI_5_2_1_SUB_M_N__Z__Z_I24_L__Z_A__Z__Z_CP_02_02_pct_change,2005-12-01,0.0042060988433223
CP020200_CPI_CPI_5_2_1_SUB_M_N__Z__Z_I24_L__Z_A__Z__Z_CP_02_02_pct_change,2006-01-01,-0.0136125654450259
CP020200_CPI_CPI_5_2_1_SUB_M_N__Z__Z_I24_L__Z_A__Z__Z_CP_02_02_pct_change,2006-02-01,0.0010615711252648
CP020200_CPI_CPI_5_2_1_SUB_M_N__Z__Z_I24_L__Z_A__Z__Z_CP_02_02_pct_change,2006-03-01,0.0148462354188769
CP020200_CPI_CPI_5_2_1_SUB_M_N__Z__Z_I24_L__Z_A__Z__Z_CP_02_02_pct_change,2006-04-01,-0.0073145245559053
CP020200_CPI_CPI_5_2_1_SUB_M_N__Z__Z_I24_L__Z_A__Z__Z_CP_02_02_pct_change,2006-05-01,-0.0210526315789467
CP020200_CPI_CPI_5_2_1_SUB_M_N__Z__Z_I24_L__Z_A__Z__Z_CP_02_02_pct_change,2006-06-01,-0.0075268817204295
CP020200_CPI_CPI_5_2_1_SUB_M_N__Z__Z_I24_L__Z_A__Z__Z_CP_02_02_pct_change,2006-07-01,0.0108342361863484
CP020200_CPI_CPI_5_2_1_SUB_M_N__Z__Z_I24_L__Z_A__Z__Z_CP_02_02_pct_change,2006-08-01,-0.0010718113611998
CP020200_CPI_CPI_5_2_1_SUB_M_N__Z__Z_I24_L__Z_A__Z__Z_CP_02_02_pct_change,2006-09-01,-0.0085836909871253
CP020200_CPI_CPI_5_2_1_SUB_M_N__Z__Z_I24_L__Z_A__Z__Z_CP_02_02_pct_change,2006-10-01,-0.0205627705627705
CP020200_CPI_CPI_5_2_1_SUB_M_N__Z__Z_I24_L__Z_A__Z__Z_CP_02_02_pct_change,2006-11-01,-0.0121546961325957
CP020200_CPI_CPI_5_2_1_SUB_M_N__Z__Z_I24_L__Z_A__Z__Z_CP_02_02_pct_change,2006-12-01,0.0011185682326595
CP020200_CPI_CPI_5_2_1_SUB_M_N__Z__Z_I24_L__Z_A__Z__Z_CP_02_02_pct_change,2007-01-01,-0.0056759776536289
CP020200_CPI_CPI_5_2_1_SUB_M_N__Z__Z_I24_L__Z_A__Z__Z_CP_02_02_pct_change,2007-02-01,0.0031250000000002
CP020200_CPI_CPI_5_2_1_SUB_M_N__Z__Z_I24_L__Z_A__Z__Z_CP_02_02_pct_change,2007-03-01,0.0010384215991694
CP020200_CPI_CPI_5_2_1_SUB_M_N__Z__Z_I24_L__Z_A__Z__Z_CP_02_02_pct_change,2007-04-01,0.0010373443983402
CP020200_CPI_CPI_5_2_1_SUB_M_N__Z__Z_I24_L__Z_A__Z__Z_CP_02_02_pct_change,2007-05-01,-0.0103626943005189
CP020200_CPI_CPI_5_2_1_SUB_M_N__Z__Z_I24_L__Z_A__Z__Z_CP_02_02_pct_change,2007-06-01,0.0125654450261771
CP020200_CPI_CPI_5_2_1_SUB_M_N__Z__Z_I24_L__Z_A__Z__Z_CP_02_02_pct_change,2007-07-01,0.0434332988624626
CP020200_CPI_CPI_5_2_1_SUB_M_N__Z__Z_I24_L__Z_A__Z__Z_CP_02_02_pct_change,2007-08-01,0.015857284440039
CP020200_CPI_CPI_5_2_1_SUB_M_N__Z__Z_I24_L__Z_A__Z__Z_CP_02_02_pct_change,2007-09-01,-0.0058536585365841
CP020200_CPI_CPI_5_2_1_SUB_M_N__Z__Z_I24_L__Z_A__Z__Z_CP_02_02_pct_change,2007-10-01,-0.0127576054955849
CP020200_CPI_CPI_5_2_1_SUB_M_N__Z__Z_I24_L__Z_A__Z__Z_CP_02_02_pct_change,2007-11-01,-0.0089463220675932
CP020200_CPI_CPI_5_2_1_SUB_M_N__Z__Z_I24_L__Z_A__Z__Z_CP_02_02_pct_change,2007-12-01,0.0030090270812421
CP020200_CPI_CPI_5_2_1_SUB_M_N__Z__Z_I24_L__Z_A__Z__Z_CP_02_02_pct_change,2008-01-01,-0.013000000000001
CP020200_CPI_CPI_5_2_1_SUB_M_N__Z__Z_I24_L__Z_A__Z__Z_CP_02_02_pct_change,2008-02-01,-0.0151975683890571
CP020200_CPI_CPI_5_2_1_SUB_M_N__Z__Z_I24_L__Z_A__Z__Z_CP_02_02_pct_change,2008-03-01,0.005144032921811
CP020200_CPI_CPI_5_2_1_SUB_M_N__Z__Z_I24_L__Z_A__Z__Z_CP_02_02_pct_change,2008-04-01,0.0143295803480052
CP020200_CPI_CPI_5_2_1_SUB_M_N__Z__Z_I24_L__Z_A__Z__Z_CP_02_02_pct_change,2008-05-01,0.0020181634712392
CP020200_CPI_CPI_5_2_1_SUB_M_N__Z__Z_I24_L__Z_A__Z__Z_CP_02_02_pct_change,2008-06-01,-0.0010070493454161
CP020200_CPI_CPI_5_2_1_SUB_M_N__Z__Z_I24_L__Z_A__Z__Z_CP_02_02_pct_change,2008-07-01,0.0272177419354839
CP020200_CPI_CPI_5_2_1_SUB_M_N__Z__Z_I24_L__Z_A__Z__Z_CP_02_02_pct_change,2008-08-01,0.0372914622178599
CP020200_CPI_CPI_5_2_1_SUB_M_N__Z__Z_I24_L__Z_A__Z__Z_CP_02_02_pct_change,2008-09-01,0.017975402081362
CP020200_CPI_CPI_5_2_1_SUB_M_N__Z__Z_I24_L__Z_A__Z__Z_CP_02_02_pct_change,2008-10-01,0.0074349442379204
CP020200_CPI_CPI_5_2_1_SUB_M_N__Z__Z_I24_L__Z_A__Z__Z_CP_02_02_pct_change,2008-11-01,0.024907749077484
CP020200_CPI_CPI_5_2_1_SUB_M_N__Z__Z_I24_L__Z_A__Z__Z_CP_02_02_pct_change,2008-12-01,0.018001800180021
CP020200_CPI_CPI_5_2_1_SUB_M_N__Z__Z_I24_L__Z_A__Z__Z_CP_02_02_pct_change,2009-01-01,-0.0108408488063657
CP020200_CPI_CPI_5_2_1_SUB_M_N__Z__Z_I24_L__Z_A__Z__Z_CP_02_02_pct_change,2009-02-01,0.0027700831024937
CP020200_CPI_CPI_5_2_1_SUB_M_N__Z__Z_I24_L__Z_A__Z__Z_CP_02_02_pct_change,2009-03-01,0.0184162062615105
CP020200_CPI_CPI_5_2_1_SUB_M_N__Z__Z_I24_L__Z_A__Z__Z_CP_02_02_pct_change,2009-04-01,0.0036166365280283
CP020200_CPI_CPI_5_2_1_SUB_M_N__Z__Z_I24_L__Z_A__Z__Z_CP_02_02_pct_change,2009-05-01,0.0063063063063066
CP020200_CPI_CPI_5_2_1_SUB_M_N__Z__Z_I24_L__Z_A__Z__Z_CP_02_02_pct_change,2009-06-01,0.0071620411817372
CP020200_CPI_CPI_5_2_1_SUB_M_N__Z__Z_I24_L__Z_A__Z__Z_CP_02_02_pct_change,2009-07-01,0.003555555555555
CP020200_CPI_CPI_5_2_1_SUB_M_N__Z__Z_I24_L__Z_A__Z__Z_CP_02_02_pct_change,2009-08-01,0.0141718334809557
CP020200_CPI_CPI_5_2_1_SUB_M_N__Z__Z_I24_L__Z_A__Z__Z_CP_02_02_pct_change,2009-09-01,0.0078602620087344
CP020200_CPI_CPI_5_2_1_SUB_M_N__Z__Z_I24_L__Z_A__Z__Z_CP_02_02_pct_change,2009-10-01,0.0034662045060653
CP020200_CPI_CPI_5_2_1_SUB_M_N__Z__Z_I24_L__Z_A__Z__Z_CP_02_02_pct_change,2009-11-01,0.0069084628670126
CP020200_CPI_CPI_5_2_1_SUB_M_N__Z__Z_I24_L__Z_A__Z__Z_CP_02_02_pct_change,2009-12-01,-0.0077186963979408
CP020200_CPI_CPI_5_2_1_SUB_M_N__Z__Z_I24_L__Z_A__Z__Z_CP_02_02_pct_change,2010-01-01,-0.0095073465859994
CP020200_CPI_CPI_5_2_1_SUB_M_N__Z__Z_I24_L__Z_A__Z__Z_CP_02_02_pct_change,2010-02-01,-0.0026178010471196
CP020200_CPI_CPI_5_2_1_SUB_M_N__Z__Z_I24_L__Z_A__Z__Z_CP_02_02_pct_change,2010-03-01,0.0069991251093617
CP020200_CPI_CPI_5_2_1_SUB_M_N__Z__Z_I24_L__Z_A__Z__Z_CP_02_02_pct_change,2010-04-01,0.0121633362293644
CP020200_CPI_CPI_5_2_1_SUB_M_N__Z__Z_I24_L__Z_A__Z__Z_CP_02_02_pct_change,2010-05-01,0.0085836909871255
CP020200_CPI_CPI_5_2_1_SUB_M_N__Z__Z_I24_L__Z_A__Z__Z_CP_02_02_pct_change,2010-06-01,0.0059574468085092
CP020200_CPI_CPI_5_2_1_SUB_M_N__Z__Z_I24_L__Z_A__Z__Z_CP_02_02_pct_change,2010-07-01,0.0109983079526227
CP020200_CPI_CPI_5_2_1_SUB_M_N__Z__Z_I24_L__Z_A__Z__Z_CP_02_02_pct_change,2010-08-01,0.0209205020920515
CP020200_CPI_CPI_5_2_1_SUB_M_N__Z__Z_I24_L__Z_A__Z__Z_CP_02_02_pct_change,2010-09-01,0.0073770491803271
CP020200_CPI_CPI_5_2_1_SUB_M_N__Z__Z_I24_L__Z_A__Z__Z_CP_02_02_pct_change,2010-10-01,-0.0138323840520744
CP020200_CPI_CPI_5_2_1_SUB_M_N__Z__Z_I24_L__Z_A__Z__Z_CP_02_02_pct_change,2010-11-01,-0.0016501650165022
CP020200_CPI_CPI_5_2_1_SUB_M_N__Z__Z_I24_L__Z_A__Z__Z_CP_02_02_pct_change,2010-12-01,0.0041322314049583
CP020200_CPI_CPI_5_2_1_SUB_M_N__Z__Z_I24_L__Z_A__Z__Z_CP_02_02_pct_change,2011-01-01,0.0033325102880661
CP020200_CPI_CPI_5_2_1_SUB_M_N__Z__Z_I24_L__Z_A__Z__Z_CP_02_02_pct_change,2011-02-01,0.0038948393378779
CP020200_CPI_CPI_5_2_1_SUB_M_N__Z__Z_I24_L__Z_A__Z__Z_CP_02_02_pct_change,2011-03-01,0.0058195926285156
CP020200_CPI_CPI_5_2_1_SUB_M_N__Z__Z_I24_L__Z_A__Z__Z_CP_02_02_pct_change,2011-04-01,0.0077145612343296
CP020200_CPI_CPI_5_2_1_SUB_M_N__Z__Z_I24_L__Z_A__Z__Z_CP_02_02_pct_change,2011-05-01,0.0114832535885174
CP020200_CPI_CPI_5_2_1_SUB_M_N__Z__Z_I24_L__Z_A__Z__Z_CP_02_02_pct_change,2011-06-01,0.0066225165562905
CP020200_CPI_CPI_5_2_1_SUB_M_N__Z__Z_I24_L__Z_A__Z__Z_CP_02_02_pct_change,2011-07-01,0.0018796992481204
CP020200_CPI_CPI_5_2_1_SUB_M_N__Z__Z_I24_L__Z_A__Z__Z_CP_02_02_pct_change,2011-08-01,0.0159474671669788
CP020200_CPI_CPI_5_2_1_SUB_M_N__Z__Z_I24_L__Z_A__Z__Z_CP_02_02_pct_change,2011-09-01,0.0101569713758091
CP020200_CPI_CPI_5_2_1_SUB_M_N__Z__Z_I24_L__Z_A__Z__Z_CP_02_02_pct_change,2011-10-01,-0.0036563071297996
CP020200_CPI_CPI_5_2_1_SUB_M_N__Z__Z_I24_L__Z_A__Z__Z_CP_02_02_pct_change,2011-11-01,-0.0100917431192656
CP020200_CPI_CPI_5_2_1_SUB_M_N__Z__Z_I24_L__Z_A__Z__Z_CP_02_02_pct_change,2011-12-01,-0.0009267840593137
CP020200_CPI_CPI_5_2_1_SUB_M_N__Z__Z_I24_L__Z_A__Z__Z_CP_02_02_pct_change,2012-01-01,0.0018552875695723
CP020200_CPI_CPI_5_2_1_SUB_M_N__Z__Z_I24_L__Z_A__Z__Z_CP_02_02_pct_change,2012-02-01,0.0009259259259266
CP020200_CPI_CPI_5_2_1_SUB_M_N__Z__Z_I24_L__Z_A__Z__Z_CP_02_02_pct_change,2012-03-01,0.0046253469010164
CP020200_CPI_CPI_5_2_1_SUB_M_N__Z__Z_I24_L__Z_A__Z__Z_CP_02_02_pct_change,2012-04-01,0.0101289134438318
CP020200_CPI_CPI_5_2_1_SUB_M_N__Z__Z_I24_L__Z_A__Z__Z_CP_02_02_pct_change,2012-05-01,0.0027347310847765
CP020200_CPI_CPI_5_2_1_SUB_M_N__Z__Z_I24_L__Z_A__Z__Z_CP_02_02_pct_change,2012-06-01,0.0009090909090903
CP020200_CPI_CPI_5_2_1_SUB_M_N__Z__Z_I24_L__Z_A__Z__Z_CP_02_02_pct_change,2012-07-01,0.0108991825613085
CP020200_CPI_CPI_5_2_1_SUB_M_N__Z__Z_I24_L__Z_A__Z__Z_CP_02_02_pct_change,2012-08-01,0.0134770889487874
CP020200_CPI_CPI_5_2_1_SUB_M_N__Z__Z_I24_L__Z_A__Z__Z_CP_02_02_pct_change,2012-09-01,-0.0026595744680849
CP020200_CPI_CPI_5_2_1_SUB_M_N__Z__Z_I24_L__Z_A__Z__Z_CP_02_02_pct_change,2012-10-01,-0.0097777777777786
CP020200_CPI_CPI_5_2_1_SUB_M_N__Z__Z_I24_L__Z_A__Z__Z_CP_02_02_pct_change,2012-11-01,-0.0035906642728898
CP020200_CPI_CPI_5_2_1_SUB_M_N__Z__Z_I24_L__Z_A__Z__Z_CP_02_02_pct_change,2012-12-01,0.0045045045045033
CP020200_CPI_CPI_5_2_1_SUB_M_N__Z__Z_I24_L__Z_A__Z__Z_CP_02_02_pct_change,2013-01-01,-0.0019444196213511
CP020200_CPI_CPI_5_2_1_SUB_M_N__Z__Z_I24_L__Z_A__Z__Z_CP_02_02_pct_change,2013-02-01,-0.0049603174603173
CP020200_CPI_CPI_5_2_1_SUB_M_N__Z__Z_I24_L__Z_A__Z__Z_CP_02_02_pct_change,2013-03-01,0.0089730807577259
CP020200_CPI_CPI_5_2_1_SUB_M_N__Z__Z_I24_L__Z_A__Z__Z_CP_02_02_pct_change,2013-04-01,0.010869565217392
CP020200_CPI_CPI_5_2_1_SUB_M_N__Z__Z_I24_L__Z_A__Z__Z_CP_02_02_pct_change,2013-05-01,0.0029325513196478
CP020200_CPI_CPI_5_2_1_SUB_M_N__Z__Z_I24_L__Z_A__Z__Z_CP_02_02_pct_change,2013-06-01,0.0038986354775834
CP020200_CPI_CPI_5_2_1_SUB_M_N__Z__Z_I24_L__Z_A__Z__Z_CP_02_02_pct_change,2013-07-01,0.0126213592233006
CP020200_CPI_CPI_5_2_1_SUB_M_N__Z__Z_I24_L__Z_A__Z__Z_CP_02_02_pct_change,2013-08-01,0.0067114093959732
CP020200_CPI_CPI_5_2_1_SUB_M_N__Z__Z_I24_L__Z_A__Z__Z_CP_02_02_pct_change,2013-09-01,-0.0009523809523803
CP020200_CPI_CPI_5_2_1_SUB_M_N__Z__Z_I24_L__Z_A__Z__Z_CP_02_02_pct_change,2013-10-01,0.0
CP020200_CPI_CPI_5_2_1_SUB_M_N__Z__Z_I24_L__Z_A__Z__Z_CP_02_02_pct_change,2013-11-01,-0.0028598665395624
CP020200_CPI_CPI_5_2_1_SUB_M_N__Z__Z_I24_L__Z_A__Z__Z_CP_02_02_pct_change,2013-12-01,-0.0038240917782018
CP020200_CPI_CPI_5_2_1_SUB_M_N__Z__Z_I24_L__Z_A__Z__Z_CP_02_02_pct_change,2014-01-01,-0.0086372360844534
CP020200_CPI_CPI_5_2_1_SUB_M_N__Z__Z_I24_L__Z_A__Z__Z_CP_02_02_pct_change,2014-02-01,0.0038722168441436
CP020200_CPI_CPI_5_2_1_SUB_M_N__Z__Z_I24_L__Z_A__Z__Z_CP_02_02_pct_change,2014-03-01,0.0115718418514949
CP020200_CPI_CPI_5_2_1_SUB_M_N__Z__Z_I24_L__Z_A__Z__Z_CP_02_02_pct_change,2014-04-01,-0.0009532888465212
CP020200_CPI_CPI_5_2_1_SUB_M_N__Z__Z_I24_L__Z_A__Z__Z_CP_02_02_pct_change,2014-05-01,0.0038167938931301
CP020200_CPI_CPI_5_2_1_SUB_M_N__Z__Z_I24_L__Z_A__Z__Z_CP_02_02_pct_change,2014-06-01,0.0038022813688203
CP020200_CPI_CPI_5_2_1_SUB_M_N__Z__Z_I24_L__Z_A__Z__Z_CP_02_02_pct_change,2014-07-01,0.0094696969696967
CP020200_CPI_CPI_5_2_1_SUB_M_N__Z__Z_I24_L__Z_A__Z__Z_CP_02_02_pct_change,2014-08-01,0.0056285178236406
CP020200_CPI_CPI_5_2_1_SUB_M_N__Z__Z_I24_L__Z_A__Z__Z_CP_02_02_pct_change,2014-09-01,-0.0009328358208962
CP020200_CPI_CPI_5_2_1_SUB_M_N__Z__Z_I24_L__Z_A__Z__Z_CP_02_02_pct_change,2014-10-01,0.0018674136321197
CP020200_CPI_CPI_5_2_1_SUB_M_N__Z__Z_I24_L__Z_A__Z__Z_CP_02_02_pct_change,2014-11-01,0.0027958993476231
CP020200_CPI_CPI_5_2_1_SUB_M_N__Z__Z_I24_L__Z_A__Z__Z_CP_02_02_pct_change,2014-12-01,0.0009293680297404
CP020200_CPI_CPI_5_2_1_SUB_M_N__Z__Z_I24_L__Z_A__Z__Z_CP_02_02_pct_change,2015-01-01,-0.0117966431429124
CP020200_CPI_CPI_5_2_1_SUB_M_N__Z__Z_I24_L__Z_A__Z__Z_CP_02_02_pct_change,2015-02-01,-0.0009950248756226
CP020200_CPI_CPI_5_2_1_SUB_M_N__Z__Z_I24_L__Z_A__Z__Z_CP_02_02_pct_change,2015-03-01,0.0089641434262945
CP020200_CPI_CPI_5_2_1_SUB_M_N__Z__Z_I24_L__Z_A__Z__Z_CP_02_02_pct_change,2015-04-01,-0.0009871668311938
CP020200_CPI_CPI_5_2_1_SUB_M_N__Z__Z_I24_L__Z_A__Z__Z_CP_02_02_pct_change,2015-05-01,0.0039525691699606
CP020200_CPI_CPI_5_2_1_SUB_M_N__Z__Z_I24_L__Z_A__Z__Z_CP_02_02_pct_change,2015-06-01,0.0039370078740148
CP020200_CPI_CPI_5_2_1_SUB_M_N__Z__Z_I24_L__Z_A__Z__Z_CP_02_02_pct_change,2015-07-01,0.0088235294117657
CP020200_CPI_CPI_5_2_1_SUB_M_N__Z__Z_I24_L__Z_A__Z__Z_CP_02_02_pct_change,2015-08-01,0.0077745383867837
CP020200_CPI_CPI_5_2_1_SUB_M_N__Z__Z_I24_L__Z_A__Z__Z_CP_02_02_pct_change,2015-09-01,0.0009643201542908
CP020200_CPI_CPI_5_2_1_SUB_M_N__Z__Z_I24_L__Z_A__Z__Z_CP_02_02_pct_change,2015-10-01,-0.0057803468208096
CP020200_CPI_CPI_5_2_1_SUB_M_N__Z__Z_I24_L__Z_A__Z__Z_CP_02_02_pct_change,2015-11-01,0.0009689922480615
CP020200_CPI_CPI_5_2_1_SUB_M_N__Z__Z_I24_L__Z_A__Z__Z_CP_02_02_pct_change,2015-12-01,0.0038722168441447
CP020200_CPI_CPI_5_2_1_SUB_M_N__Z__Z_I24_L__Z_A__Z__Z_CP_02_02_pct_change,2016-01-01,-0.0077145612343302
CP020200_CPI_CPI_5_2_1_SUB_M_N__Z__Z_I24_L__Z_A__Z__Z_CP_02_02_pct_change,2016-02-01,0.0009718172983474
CP020200_CPI_CPI_5_2_1_SUB_M_N__Z__Z_I24_L__Z_A__Z__Z_CP_02_02_pct_change,2016-03-01,0.0058252427184468
CP020200_CPI_CPI_5_2_1_SUB_M_N__Z__Z_I24_L__Z_A__Z__Z_CP_02_02_pct_change,2016-04-01,0.001930501930502
CP020200_CPI_CPI_5_2_1_SUB_M_N__Z__Z_I24_L__Z_A__Z__Z_CP_02_02_pct_change,2016-05-01,0.0
CP020200_CPI_CPI_5_2_1_SUB_M_N__Z__Z_I24_L__Z_A__Z__Z_CP_02_02_pct_change,2016-06-01,0.0009633911368007
CP020200_CPI_CPI_5_2_1_SUB_M_N__Z__Z_I24_L__Z_A__Z__Z_CP_02_02_pct_change,2016-07-01,0.0144369586140522
CP020200_CPI_CPI_5_2_1_SUB_M_N__Z__Z_I24_L__Z_A__Z__Z_CP_02_02_pct_change,2016-08-01,0.0047438330170785
CP020200_CPI_CPI_5_2_1_SUB_M_N__Z__Z_I24_L__Z_A__Z__Z_CP_02_02_pct_change,2016-09-01,0.0
CP020200_CPI_CPI_5_2_1_SUB_M_N__Z__Z_I24_L__Z_A__Z__Z_CP_02_02_pct_change,2016-10-01,-0.0037771482530691
CP020200_CPI_CPI_5_2_1_SUB_M_N__Z__Z_I24_L__Z_A__Z__Z_CP_02_02_pct_change,2016-11-01,-0.0018957345971564
CP020200_CPI_CPI_5_2_1_SUB_M_N__Z__Z_I24_L__Z_A__Z__Z_CP_02_02_pct_change,2016-12-01,-0.0009496676163349
CP020200_CPI_CPI_5_2_1_SUB_M_N__Z__Z_I24_L__Z_A__Z__Z_CP_02_02_pct_change,2017-01-01,-0.0076473791563002
CP020200_CPI_CPI_5_2_1_SUB_M_N__Z__Z_I24_L__Z_A__Z__Z_CP_02_02_pct_change,2017-02-01,0.0030030030030017
CP020200_CPI_CPI_5_2_1_SUB_M_N__Z__Z_I24_L__Z_A__Z__Z_CP_02_02_pct_change,2017-03-01,0.0109780439121762
CP020200_CPI_CPI_5_2_1_SUB_M_N__Z__Z_I24_L__Z_A__Z__Z_CP_02_02_pct_change,2017-04-01,-0.0019743336623887
CP020200_CPI_CPI_5_2_1_SUB_M_N__Z__Z_I24_L__Z_A__Z__Z_CP_02_02_pct_change,2017-05-01,-0.0039564787339265
CP020200_CPI_CPI_5_2_1_SUB_M_N__Z__Z_I24_L__Z_A__Z__Z_CP_02_02_pct_change,2017-06-01,0.0019860973187684
CP020200_CPI_CPI_5_2_1_SUB_M_N__Z__Z_I24_L__Z_A__Z__Z_CP_02_02_pct_change,2017-07-01,0.0118929633300302
CP020200_CPI_CPI_5_2_1_SUB_M_N__Z__Z_I24_L__Z_A__Z__Z_CP_02_02_pct_change,2017-08-01,0.005876591576885
CP020200_CPI_CPI_5_2_1_SUB_M_N__Z__Z_I24_L__Z_A__Z__Z_CP_02_02_pct_change,2017-09-01,0.003894839337877
CP020200_CPI_CPI_5_2_1_SUB_M_N__Z__Z_I24_L__Z_A__Z__Z_CP_02_02_pct_change,2017-10-01,0.0009699321047524
CP020200_CPI_CPI_5_2_1_SUB_M_N__Z__Z_I24_L__Z_A__Z__Z_CP_02_02_pct_change,2017-11-01,-0.0019379844961238
CP020200_CPI_CPI_5_2_1_SUB_M_N__Z__Z_I24_L__Z_A__Z__Z_CP_02_02_pct_change,2017-12-01,0.0029126213592229
CP020200_CPI_CPI_5_2_1_SUB_M_N__Z__Z_I24_L__Z_A__Z__Z_CP_02_02_pct_change,2018-01-01,-0.007744433688286
CP020200_CPI_CPI_5_2_1_SUB_M_N__Z__Z_I24_L__Z_A__Z__Z_CP_02_02_pct_change,2018-02-01,-0.00390243902439
CP020200_CPI_CPI_5_2_1_SUB_M_N__Z__Z_I24_L__Z_A__Z__Z_CP_02_02_pct_change,2018-03-01,0.01175318315377
CP020200_CPI_CPI_5_2_1_SUB_M_N__Z__Z_I24_L__Z_A__Z__Z_CP_02_02_pct_change,2018-04-01,0.0029041626331074
CP020200_CPI_CPI_5_2_1_SUB_M_N__Z__Z_I24_L__Z_A__Z__Z_CP_02_02_pct_change,2018-05-01,0.0
CP020200_CPI_CPI_5_2_1_SUB_M_N__Z__Z_I24_L__Z_A__Z__Z_CP_02_02_pct_change,2018-06-01,0.0057915057915065
CP020200_CPI_CPI_5_2_1_SUB_M_N__Z__Z_I24_L__Z_A__Z__Z_CP_02_02_pct_change,2018-07-01,0.0009596928982724
CP020200_CPI_CPI_5_2_1_SUB_M_N__Z__Z_I24_L__Z_A__Z__Z_CP_02_02_pct_change,2018-08-01,0.003835091083413
CP020200_CPI_CPI_5_2_1_SUB_M_N__Z__Z_I24_L__Z_A__Z__Z_CP_02_02_pct_change,2018-09-01,0.00764087870105
CP020200_CPI_CPI_5_2_1_SUB_M_N__Z__Z_I24_L__Z_A__Z__Z_CP_02_02_pct_change,2018-10-01,0.000947867298578
CP020200_CPI_CPI_5_2_1_SUB_M_N__Z__Z_I24_L__Z_A__Z__Z_CP_02_02_pct_change,2018-11-01,-0.0028409090909088
CP020200_CPI_CPI_5_2_1_SUB_M_N__Z__Z_I24_L__Z_A__Z__Z_CP_02_02_pct_change,2018-12-01,0.0
CP020200_CPI_CPI_5_2_1_SUB_M_N__Z__Z_I24_L__Z_A__Z__Z_CP_02_02_pct_change,2019-01-01,-0.0054985227068599
CP020200_CPI_CPI_5_2_1_SUB_M_N__Z__Z_I24_L__Z_A__Z__Z_CP_02_02_pct_change,2019-02-01,0.004975124378109
CP020200_CPI_CPI_5_2_1_SUB_M_N__Z__Z_I24_L__Z_A__Z__Z_CP_02_02_pct_change,2019-03-01,0.0108910891089106
CP020200_CPI_CPI_5_2_1_SUB_M_N__Z__Z_I24_L__Z_A__Z__Z_CP_02_02_pct_change,2019-04-01,-0.0009794319294805
CP020200_CPI_CPI_5_2_1_SUB_M_N__Z__Z_I24_L__Z_A__Z__Z_CP_02_02_pct_change,2019-05-01,-0.001960784313726
CP020200_CPI_CPI_5_2_1_SUB_M_N__Z__Z_I24_L__Z_A__Z__Z_CP_02_02_pct_change,2019-06-01,0.0019646365422403
CP020200_CPI_CPI_5_2_1_SUB_M_N__Z__Z_I24_L__Z_A__Z__Z_CP_02_02_pct_change,2019-07-01,0.0058823529411755
CP020200_CPI_CPI_5_2_1_SUB_M_N__Z__Z_I24_L__Z_A__Z__Z_CP_02_02_pct_change,2019-08-01,0.0038986354775838
CP020200_CPI_CPI_5_2_1_SUB_M_N__Z__Z_I24_L__Z_A__Z__Z_CP_02_02_pct_change,2019-09-01,0.0019417475728147
CP020200_CPI_CPI_5_2_1_SUB_M_N__Z__Z_I24_L__Z_A__Z__Z_CP_02_02_pct_change,2019-10-01,-0.0019379844961232
CP020200_CPI_CPI_5_2_1_SUB_M_N__Z__Z_I24_L__Z_A__Z__Z_CP_02_02_pct_change,2019-11-01,0.0
CP020200_CPI_CPI_5_2_1_SUB_M_N__Z__Z_I24_L__Z_A__Z__Z_CP_02_02_pct_change,2019-12-01,0.0087378640776691
CP020200_CPI_CPI_5_2_1_SUB_M_N__Z__Z_I24_L__Z_A__Z__Z_CP_02_02_pct_change,2020-01-01,-0.0057747834456199
CP020200_CPI_CPI_5_2_1_SUB_M_N__Z__Z_I24_L__Z_A__Z__Z_CP_02_02_pct_change,2020-02-01,-0.0009680542110367
CP020200_CPI_CPI_5_2_1_SUB_M_N__Z__Z_I24_L__Z_A__Z__Z_CP_02_02_pct_change,2020-03-01,0.0116279069767448
CP020200_CPI_CPI_5_2_1_SUB_M_N__Z__Z_I24_L__Z_A__Z__Z_CP_02_02_pct_change,2020-04-01,-0.0009578544061311
CP020200_CPI_CPI_5_2_1_SUB_M_N__Z__Z_I24_L__Z_A__Z__Z_CP_02_02_pct_change,2020-05-01,-0.0047938638542659
CP020200_CPI_CPI_5_2_1_SUB_M_N__Z__Z_I24_L__Z_A__Z__Z_CP_02_02_pct_change,2020-06-01,-0.0009633911368012
CP020200_CPI_CPI_5_2_1_SUB_M_N__Z__Z_I24_L__Z_A__Z__Z_CP_02_02_pct_change,2020-07-01,0.0028929604628726
CP020200_CPI_CPI_5_2_1_SUB_M_N__Z__Z_I24_L__Z_A__Z__Z_CP_02_02_pct_change,2020-08-01,0.0038461538461549
CP020200_CPI_CPI_5_2_1_SUB_M_N__Z__Z_I24_L__Z_A__Z__Z_CP_02_02_pct_change,2020-09-01,0.0038314176245208
CP020200_CPI_CPI_5_2_1_SUB_M_N__Z__Z_I24_L__Z_A__Z__Z_CP_02_02_pct_change,2020-10-01,-0.0009541984732832
CP020200_CPI_CPI_5_2_1_SUB_M_N__Z__Z_I24_L__Z_A__Z__Z_CP_02_02_pct_change,2020-11-01,-0.0057306590257871
CP020200_CPI_CPI_5_2_1_SUB_M_N__Z__Z_I24_L__Z_A__Z__Z_CP_02_02_pct_change,2020-12-01,0.0
CP020200_CPI_CPI_5_2_1_SUB_M_N__Z__Z_I24_L__Z_A__Z__Z_CP_02_02_pct_change,2021-01-01,0.0040000082780029
CP020200_CPI_CPI_5_2_1_SUB_M_N__Z__Z_I24_L__Z_A__Z__Z_CP_02_02_pct_change,2021-02-01,0.0019920318725099
CP020200_CPI_CPI_5_2_1_SUB_M_N__Z__Z_I24_L__Z_A__Z__Z_CP_02_02_pct_change,2021-03-01,0.006958250497018
CP020200_CPI_CPI_5_2_1_SUB_M_N__Z__Z_I24_L__Z_A__Z__Z_CP_02_02_pct_change,2021-04-01,-0.0019743336623888
CP020200_CPI_CPI_5_2_1_SUB_M_N__Z__Z_I24_L__Z_A__Z__Z_CP_02_02_pct_change,2021-05-01,-0.0009891196834823
CP020200_CPI_CPI_5_2_1_SUB_M_N__Z__Z_I24_L__Z_A__Z__Z_CP_02_02_pct_change,2021-06-01,0.0019801980198019
CP020200_CPI_CPI_5_2_1_SUB_M_N__Z__Z_I24_L__Z_A__Z__Z_CP_02_02_pct_change,2021-07-01,0.0049407114624511
CP020200_CPI_CPI_5_2_1_SUB_M_N__Z__Z_I24_L__Z_A__Z__Z_CP_02_02_pct_change,2021-08-01,0.0049164208456247
CP020200_CPI_CPI_5_2_1_SUB_M_N__Z__Z_I24_L__Z_A__Z__Z_CP_02_02_pct_change,2021-09-01,0.0039138943248531
CP020200_CPI_CPI_5_2_1_SUB_M_N__Z__Z_I24_L__Z_A__Z__Z_CP_02_02_pct_change,2021-10-01,0.0
CP020200_CPI_CPI_5_2_1_SUB_M_N__Z__Z_I24_L__Z_A__Z__Z_CP_02_02_pct_change,2021-11-01,0.0029239766081863
CP020200_CPI_CPI_5_2_1_SUB_M_N__Z__Z_I24_L__Z_A__Z__Z_CP_02_02_pct_change,2021-12-01,0.0038872691933915
CP020200_CPI_CPI_5_2_1_SUB_M_N__Z__Z_I24_L__Z_A__Z__Z_CP_02_02_pct_change,2022-01-01,-0.0009680542110351
CP020200_CPI_CPI_5_2_1_SUB_M_N__Z__Z_I24_L__Z_A__Z__Z_CP_02_02_pct_change,2022-02-01,0.0029069767441853
CP020200_CPI_CPI_5_2_1_SUB_M_N__Z__Z_I24_L__Z_A__Z__Z_CP_02_02_pct_change,2022-03-01,0.0077294685990345
CP020200_CPI_CPI_5_2_1_SUB_M_N__Z__Z_I24_L__Z_A__Z__Z_CP_02_02_pct_change,2022-04-01,0.0
CP020200_CPI_CPI_5_2_1_SUB_M_N__Z__Z_I24_L__Z_A__Z__Z_CP_02_02_pct_change,2022-05-01,0.0009587727708526
CP020200_CPI_CPI_5_2_1_SUB_M_N__Z__Z_I24_L__Z_A__Z__Z_CP_02_02_pct_change,2022-06-01,0.0086206896551725
CP020200_CPI_CPI_5_2_1_SUB_M_N__Z__Z_I24_L__Z_A__Z__Z_CP_02_02_pct_change,2022-07-01,0.011396011396012
CP020200_CPI_CPI_5_2_1_SUB_M_N__Z__Z_I24_L__Z_A__Z__Z_CP_02_02_pct_change,2022-08-01,0.0084507042253512
CP020200_CPI_CPI_5_2_1_SUB_M_N__Z__Z_I24_L__Z_A__Z__Z_CP_02_02_pct_change,2022-09-01,0.0055865921787718
CP020200_CPI_CPI_5_2_1_SUB_M_N__Z__Z_I24_L__Z_A__Z__Z_CP_02_02_pct_change,2022-10-01,0.0027777777777771
CP020200_CPI_CPI_5_2_1_SUB_M_N__Z__Z_I24_L__Z_A__Z__Z_CP_02_02_pct_change,2022-11-01,0.0064635272391506
CP020200_CPI_CPI_5_2_1_SUB_M_N__Z__Z_I24_L__Z_A__Z__Z_CP_02_02_pct_change,2022-12-01,0.0073394495412841
CP020200_CPI_CPI_5_2_1_SUB_M_N__Z__Z_I24_L__Z_A__Z__Z_CP_02_02_pct_change,2023-01-01,0.0030000342263118
CP020200_CPI_CPI_5_2_1_SUB_M_N__Z__Z_I24_L__Z_A__Z__Z_CP_02_02_pct_change,2023-02-01,0.0038572806171646
CP020200_CPI_CPI_5_2_1_SUB_M_N__Z__Z_I24_L__Z_A__Z__Z_CP_02_02_pct_change,2023-03-01,0.0067243035542745
CP020200_CPI_CPI_5_2_1_SUB_M_N__Z__Z_I24_L__Z_A__Z__Z_CP_02_02_pct_change,2023-04-01,0.0047709923664125
CP020200_CPI_CPI_5_2_1_SUB_M_N__Z__Z_I24_L__Z_A__Z__Z_CP_02_02_pct_change,2023-05-01,0.0047483380816708
CP020200_CPI_CPI_5_2_1_SUB_M_N__Z__Z_I24_L__Z_A__Z__Z_CP_02_02_pct_change,2023-06-01,0.0
CP020200_CPI_CPI_5_2_1_SUB_M_N__Z__Z_I24_L__Z_A__Z__Z_CP_02_02_pct_change,2023-07-01,0.0066162570888477
CP020200_CPI_CPI_5_2_1_SUB_M_N__Z__Z_I24_L__Z_A__Z__Z_CP_02_02_pct_change,2023-08-01,0.0075117370892012
CP020200_CPI_CPI_5_2_1_SUB_M_N__Z__Z_I24_L__Z_A__Z__Z_CP_02_02_pct_change,2023-09-01,0.0
CP020200_CPI_CPI_5_2_1_SUB_M_N__Z__Z_I24_L__Z_A__Z__Z_CP_02_02_pct_change,2023-10-01,-0.0027958993476235
CP020200_CPI_CPI_5_2_1_SUB_M_N__Z__Z_I24_L__Z_A__Z__Z_CP_02_02_pct_change,2023-11-01,-0.0065420560747661
CP020200_CPI_CPI_5_2_1_SUB_M_N__Z__Z_I24_L__Z_A__Z__Z_CP_02_02_pct_change,2023-12-01,0.0028222013170273
CP020200_CPI_CPI_5_2_1_SUB_M_N__Z__Z_I24_L__Z_A__Z__Z_CP_02_02_pct_change,2024-01-01,0.0018761726078804
CP020200_CPI_CPI_5_2_1_SUB_M_N__Z__Z_I24_L__Z_A__Z__Z_CP_02_02_pct_change,2024-02-01,-0.0056179775280901
CP020200_CPI_CPI_5_2_1_SUB_M_N__Z__Z_I24_L__Z_A__Z__Z_CP_02_02_pct_change,2024-03-01,0.0065913370998114
CP020200_CPI_CPI_5_2_1_SUB_M_N__Z__Z_I24_L__Z_A__Z__Z_CP_02_02_pct_change,2024-04-01,0.0046772684752101
CP020200_CPI_CPI_5_2_1_SUB_M_N__Z__Z_I24_L__Z_A__Z__Z_CP_02_02_pct_change,2024-05-01,0.003724394785848
CP020200_CPI_CPI_5_2_1_SUB_M_N__Z__Z_I24_L__Z_A__Z__Z_CP_02_02_pct_change,2024-06-01,0.0064935064935063
CP020200_CPI_CPI_5_2_1_SUB_M_N__Z__Z_I24_L__Z_A__Z__Z_CP_02_02_pct_change,2024-07-01,0.0073732718894035
CP020200_CPI_CPI_5_2_1_SUB_M_N__Z__Z_I24_L__Z_A__Z__Z_CP_02_02_pct_change,2024-08-01,0.0073193046660522
CP020200_CPI_CPI_5_2_1_SUB_M_N__Z__Z_I24_L__Z_A__Z__Z_CP_02_02_pct_change,2024-09-01,0.001816530426886
CP020200_CPI_CPI_5_2_1_SUB_M_N__Z__Z_I24_L__Z_A__Z__Z_CP_02_02_pct_change,2024-10-01,-0.001813236627381
CP020200_CPI_CPI_5_2_1_SUB_M_N__Z__Z_I24_L__Z_A__Z__Z_CP_02_02_pct_change,2024-11-01,0.0045413260672149
CP020200_CPI_CPI_5_2_1_SUB_M_N__Z__Z_I24_L__Z_A__Z__Z_CP_02_02_pct_change,2024-12-01,0.0027124773960238
CP020200_CPI_CPI_5_2_1_SUB_M_N__Z__Z_I24_L__Z_A__Z__Z_CP_02_02_pct_change,2025-01-01,-0.0070955702804931
CP020200_CPI_CPI_5_2_1_SUB_M_N__Z__Z_I24_L__Z_A__Z__Z_CP_02_02_pct_change,2025-02-01,-0.0029615004935833
CP020200_CPI_CPI_5_2_1_SUB_M_N__Z__Z_I24_L__Z_A__Z__Z_CP_02_02_pct_change,2025-03-01,0.0118811881188118